,Wahlberechtigte,Wahlbeteiligung,SPD,CDU,GRÜNE,AfD,BIBS,DIE LINKE.,FDP,Sonstige,Stimmenmehrheiten,Stärkste Partei
11101 Hondelage-Ost,1158,41.8825561312608,34.14809489575845,31.344356578001438,13.371675053918045,0,3.5226455787203452,2.4442846872753416,12.868439971243708,2.3005032350826746,SPD-GRÜNE,SPD
11102 Hondelage-Mitte/Gewerbegebiet,1007,41.012909632572,34.658599827139156,33.36214347450303,15.384615384615385,0,2.16076058772688,1.1235955056179776,7.778738115816767,5.531547104580812,SPD-GRÜNE,SPD
11103 Hondelage-West,956,40.89958158995816,38.927943760984185,30.579964850615116,14.850615114235502,0,2.460456942003515,2.724077328646749,7.205623901581721,3.2513181019332165,SPD-GRÜNE,SPD
11111 Dibbesdorf,1174,43.52640545144804,38.78378378378378,26.756756756756754,20.54054054054054,0,2.22972972972973,1.418918918918919,6.959459459459459,3.310810810810811,SPD-GRÜNE,SPD
11121 Volkmarode-Ost,1494,40.42838018741633,37.385844748858446,26.82648401826484,18.550228310502284,0,3.595890410958904,2.5684931506849313,7.705479452054795,3.3675799086757987,SPD-GRÜNE,SPD
11122 Volkmarode-West,1686,34.75682087781732,36.94895591647332,26.50812064965197,20.243619489559165,0,2.494199535962877,2.3781902552204177,8.758700696055685,2.668213457076566,SPD-GRÜNE,SPD
11131 Schapen,1334,40.779610194902546,39.18238993710692,32.45283018867924,17.232704402515722,0,3.207547169811321,1.069182389937107,4.0251572327044025,2.8301886792452833,SPD-GRÜNE,SPD
11201 Bevenrode,1287,40.71484071484072,23.71879106438896,21.944809461235216,12.746386333771353,5.059132720105125,26.47831800262812,2.036793692509855,4.993429697766097,3.0223390275952693,SPD-GRÜNE,BIBS
11211 Waggum-Ost,1357,37.214443625644805,28.60125260960334,17.606123869171885,10.995128740431454,5.010438413361169,27.20946416144746,1.8789144050104383,5.775922059846903,2.9227557411273484,SPD-GRÜNE,SPD
11212 Waggum-West,1317,34.47228549734245,25.271317829457363,24.728682170542633,12.4031007751938,3.0232558139534884,24.26356589147287,1.1627906976744187,7.441860465116279,1.7054263565891472,SPD-GRÜNE,SPD
11221 Bienrode,1391,35.15456506110712,30.385164051355208,31.669044222539227,10.627674750356633,6.562054208273895,10.199714693295292,2.0684736091298146,6.633380884450784,1.8544935805991443,SPD-GRÜNE,CDU
11231 Querum-Nord,880,35.90909090909091,19.230769230769234,42.417582417582416,21.53846153846154,2.0879120879120876,3.296703296703297,3.1868131868131866,5.054945054945055,3.1868131868131866,CDU-FDP,CDU
11232 Querum-Nordost,946,34.46088794926004,21.630094043887148,33.75130616509927,19.435736677115987,4.075235109717868,6.896551724137931,1.5673981191222568,7.41901776384535,5.22466039707419,CDU-FDP,CDU
11241 Querum-Ost,929,31.001076426264802,25.149700598802394,33.89221556886228,17.724550898203592,4.910179640718563,5.748502994011976,4.191616766467066,5.029940119760479,3.3532934131736525,SPD-GRÜNE,CDU
11242 Querum-Mitte,1314,33.86605783866058,31.259842519685037,25.669291338582678,17.637795275590552,5.039370078740157,4.566929133858268,4.409448818897638,7.322834645669292,4.094488188976378,SPD-GRÜNE,SPD
11243 Querum-West,1168,32.02054794520548,30.274361400189214,23.651844843897823,22.327341532639547,5.014191106906338,6.5279091769157995,3.7842951750236518,1.7029328287606436,6.717123935666983,SPD-GRÜNE,SPD
11251 Pappelberg,1360,32.57352941176471,38.07599029911075,20.85691188358933,18.108326596604687,4.042037186742118,7.275666936135812,2.8294260307194827,4.12287793047696,4.688763136620857,SPD-GRÜNE,SPD
11252 Gliesmarode-Südost,1299,32.024634334103155,25.766362883181444,22.949461474730736,23.612261806130903,4.888152444076222,10.273405136702568,1.8227009113504555,6.296603148301575,4.391052195526098,SPD-GRÜNE,SPD
11253 Gliesmarode-Mitte,1143,34.29571303587052,25.30647985989492,23.73029772329247,26.882661996497376,3.1523642732049035,4.903677758318739,3.502626970227671,4.028021015761821,8.493870402802102,SPD-GRÜNE,GRÜNE
11254 Gliesmarode-Nord,1551,33.39780786589297,24.9500998003992,24.151696606786427,25.948103792415168,2.7278775781769795,7.385229540918163,3.9254823685961413,5.655355954757153,5.2561543579507655,SPD-GRÜNE,GRÜNE
11261 Riddagshausen,436,42.88990825688073,25.74074074074074,22.77777777777778,29.444444444444446,3.5185185185185186,5.7407407407407405,5,6.481481481481481,1.2962962962962963,SPD-GRÜNE,GRÜNE
12001 Gliesmaroder Straße-Nordost,1460,31.575342465753426,24.354243542435423,15.867158671586715,29.96309963099631,3.837638376383764,6.051660516605166,7.011070110701106,6.125461254612547,6.789667896678966,SPD-GRÜNE,GRÜNE
12002 Karlstraße-Mitte,1099,37.21565059144677,29.125412541254125,10.396039603960396,34.15841584158416,2.4752475247524752,5.9405940594059405,4.867986798679868,5.2805280528052805,7.755775577557755,SPD-GRÜNE,GRÜNE
12003 Gliesmaroder Straße-Ost,1209,33.085194375516956,24.2320819112628,10.409556313993173,37.883959044368595,1.877133105802048,6.655290102389079,8.19112627986348,4.607508532423208,6.143344709897611,SPD-GRÜNE,GRÜNE
12004 Malerviertel,1325,38.49056603773585,30.373831775700932,13.618157543391188,35.91455273698264,1.0680907877169559,5.14018691588785,4.539385847797063,4.472630173564753,4.873164218958611,SPD-GRÜNE,GRÜNE
12005 An der Paulikirche,1253,40.702314445331204,22.361477572559366,15.237467018469658,41.952506596306065,1.517150395778364,6.728232189973616,3.825857519788918,3.16622691292876,5.211081794195251,SPD-GRÜNE,GRÜNE
12006 Hagenring,1278,37.40219092331768,25.107604017216644,12.769010043041607,40.6025824964132,1.5064562410329985,4.878048780487805,3.2998565279770444,5.738880918220947,6.097560975609756,SPD-GRÜNE,GRÜNE
12011 Humboldtstraße,1247,29.991980753809145,21.743119266055047,8.1651376146789,44.22018348623853,3.1192660550458715,6.7889908256880735,7.064220183486239,3.9449541284403673,4.954128440366973,SPD-GRÜNE,GRÜNE
12012 Kasernenstraße,1321,31.642694928084786,22.969647251845775,13.2895816242822,39.29450369155045,2.1328958162428218,4.1837571780147655,5.660377358490567,5.988515176374077,6.480721903199344,SPD-GRÜNE,GRÜNE
12021 Am Theater,1441,32.61623872310896,24.76601871850252,10.439164866810655,39.740820734341256,1.9438444924406046,6.551475881929446,4.391648668106551,7.415406767458603,4.751619870410368,SPD-GRÜNE,GRÜNE
12022 Giersberg,1545,34.1747572815534,25.485122897800778,14.683053040103495,33.95860284605433,3.4928848641655885,4.527813712807244,4.915912031047866,6.468305304010349,6.468305304010349,SPD-GRÜNE,GRÜNE
12031 Stadtpark,1347,39.42093541202672,29.320388349514566,11.779935275080906,38.83495145631068,1.1650485436893203,4.3365695792880254,4.854368932038835,4.983818770226537,4.724919093851133,SPD-GRÜNE,GRÜNE
12032 Prinzenpark-Nord,1172,39.419795221843,24.302496328928047,10.572687224669604,39.20704845814978,0.881057268722467,7.195301027900147,7.63582966226138,4.405286343612335,5.800293685756241,SPD-GRÜNE,GRÜNE
12033 Kastanienallee,1129,39.41541186891054,28.888888888888886,12.490421455938696,34.94252873563218,3.065134099616858,5.287356321839081,4.061302681992337,4.674329501915709,6.590038314176246,SPD-GRÜNE,GRÜNE
12034 Prinzenpark-Mitte,1002,35.92814371257485,29.914529914529915,12.250712250712251,29.534662867996204,4.083570750237417,8.547008547008547,6.267806267806268,3.513770180436847,5.887939221272555,SPD-GRÜNE,SPD
12035 Prinzenpark-Süd,1065,37.652582159624416,30.795551753635586,10.436270316509837,34.388366124893075,2.6518391787852864,8.297690333618478,4.020530367835757,4.020530367835757,5.389221556886228,SPD-GRÜNE,GRÜNE
12036 Altewiekring-Südost,1364,36.58357771260997,26.5892002734108,9.295967190704033,36.7053998632946,2.5974025974025974,4.579630895420369,7.382091592617908,6.630211893369788,6.220095693779904,SPD-GRÜNE,GRÜNE
12037 Georg-Westermann-Allee,1273,32.20738413197172,28.30665543386689,11.457455770850885,33.782645324347094,4.296545914069082,6.739679865206402,5.054759898904802,4.633529907329402,5.728727885425442,SPD-GRÜNE,GRÜNE
13001 Inselwall,976,27.66393442622951,24.581724581724583,18.53281853281853,24.581724581724583,3.2175032175032174,6.177606177606178,8.236808236808237,7.850707850707852,6.82110682110682,SPD-GRÜNE,SPD
13002 Am Hagenmarkt,1268,26.735015772870664,28.29417773237998,11.133810010214505,27.27272727272727,3.983656792645557,6.945863125638406,4.800817160367722,7.763023493360572,9.805924412665986,SPD-GRÜNE,SPD
13003 An der Katharinenkirche,1246,23.35473515248796,22.89156626506024,15.060240963855422,32.16867469879518,5.301204819277109,4.216867469879518,7.951807228915662,5.421686746987952,6.987951807228916,SPD-GRÜNE,GRÜNE
13004 Wendentorwall,1128,24.46808510638298,23.651960784313726,17.647058823529413,27.573529411764707,3.9215686274509802,4.901960784313726,5.637254901960785,10.294117647058822,6.372549019607843,SPD-GRÜNE,GRÜNE
13011 Am Schloßpark,1246,29.935794542536115,26.63594470046083,17.972350230414747,33.36405529953917,3.778801843317972,2.9493087557603688,4.700460829493087,4.976958525345622,5.622119815668203,SPD-GRÜNE,GRÜNE
13012 Kennedyplatz,1435,25.71428571428571,22.727272727272727,15.67717996289425,30.519480519480517,4.267161410018553,3.9888682745825603,7.328385899814471,10.111317254174397,5.380333951762523,SPD-GRÜNE,GRÜNE
13013 An der Martinikirche,1251,27.89768185451639,24.26326129666012,13.7524557956778,30.94302554027505,4.12573673870334,3.43811394891945,8.153241650294696,9.823182711198427,5.50098231827112,SPD-GRÜNE,GRÜNE
13014 Gördelingerstraße,1122,27.36185383244207,25.86605080831409,15.1270207852194,27.598152424942263,6.235565819861432,3.5796766743648964,7.390300230946882,8.083140877598153,6.1200923787528865,SPD-GRÜNE,GRÜNE
13015 Am Neustadtmühlengraben,1183,25.443786982248522,27.712264150943394,23.93867924528302,22.75943396226415,6.485849056603773,4.127358490566038,3.6556603773584904,5.660377358490567,5.660377358490567,SPD-GRÜNE,SPD
13021 Adolfstraße/Leonhardstraße,1376,34.81104651162791,24.647887323943664,15.704225352112678,36.901408450704224,2.535211267605634,6.619718309859154,4.71830985915493,5.140845070422535,3.732394366197183,SPD-GRÜNE,GRÜNE
13022 An der Stadthalle,1223,31.398201144726084,28.161434977578477,12.197309417040358,33.45291479820628,5.4708520179372195,4.753363228699552,5.560538116591928,5.650224215246637,4.753363228699552,SPD-GRÜNE,GRÜNE
13023 Viewegs-Garten,1267,32.202052091554854,24.050632911392405,17.046413502109704,31.223628691983123,5.822784810126582,5.232067510548523,5.822784810126582,6.160337552742616,4.641350210970464,SPD-GRÜNE,GRÜNE
13024 Rimpaus-Garten,953,33.788037775445964,21.951219512195124,18.345705196182397,34.994697773064686,3.711558854718982,6.574761399787911,6.468716861081654,3.4994697773064685,4.453870625662779,SPD-GRÜNE,GRÜNE
13025 Am Bürgerpark,1035,32.56038647342995,21.10655737704918,20.59426229508197,30.43032786885246,4.098360655737705,4.918032786885246,6.25,7.581967213114754,5.020491803278689,SPD-GRÜNE,GRÜNE
13031 Hauptbahnhof,686,22.59475218658892,32.33256351039261,10.392609699769054,21.939953810623557,5.773672055427252,7.621247113163972,7.621247113163972,4.849884526558892,9.468822170900692,SPD-GRÜNE,SPD
13032 Streitberg/Hauptfriedhof,698,32.664756446991404,36.43178410794602,14.09295352323838,22.938530734632685,3.8980509745127434,4.6476761619190405,6.146926536731634,5.847076461769116,5.997001499250374,SPD-GRÜNE,SPD
13041 Zuckerberg,885,36.15819209039548,22.4622030237581,28.61771058315335,18.250539956803454,5.291576673866091,3.995680345572354,4.427645788336933,11.771058315334773,5.183585313174946,SPD-GRÜNE,CDU
13051 Bebelhof-West,991,20.58526740665994,42.47787610619469,10.619469026548673,16.991150442477874,5.84070796460177,2.6548672566371683,8.31858407079646,5.663716814159292,7.433628318584071,SPD-GRÜNE,SPD
13052 Bebelhof-Ost,1062,25.141242937853107,31.266149870801037,13.565891472868216,17.183462532299743,7.235142118863049,3.875968992248062,12.144702842377262,6.459948320413436,8.2687338501292,SPD-GRÜNE,SPD
21101 Stöckheim-Nordost,1200,34.166666666666664,37.2093023255814,26.614987080103358,18.1739879414298,0,3.7898363479758825,3.7898363479758825,4.651162790697675,5.770887166236004,SPD-GRÜNE,SPD
21102 Stöckheim-Südost,1420,35.49295774647888,32.42320819112628,30.784982935153582,20.955631399317408,0,2.2525597269624575,1.2969283276450512,7.030716723549488,5.255972696245734,SPD-GRÜNE,SPD
21103 Stöckheim-West,1376,34.593023255813954,37.707281903388605,22.855082912761354,19.3943763518385,0,4.325883201153569,2.73972602739726,6.993511175198269,5.984138428262437,SPD-GRÜNE,SPD
21104 Stöckheim-Nordwest,1361,40.63188831741367,32.89473684210527,31.704260651629074,21.49122807017544,0,2.1303258145363406,1.2531328320802004,5.889724310776942,4.636591478696742,SPD-GRÜNE,SPD
21111 Leiferde,1542,42.93125810635538,45.7352171637886,24.489795918367346,12.611198325484041,0,2.8780743066457353,4.029304029304029,6.174777603349032,4.081632653061225,SPD-GRÜNE,SPD
21121 Heidberg-Nordost,1039,34.74494706448508,32.17477656405164,30.089374379344587,10.923535253227408,0,2.780536246276067,3.475670307845084,6.05759682224429,14.498510427010924,SPD-GRÜNE,SPD
21122 Am Schulzentrum Heidberg,1060,27.830188679245282,44.121365360303415,20.2275600505689,10.493046776232617,0,3.286978508217446,4.9304677623261695,5.689001264222504,11.25158027812895,SPD-GRÜNE,SPD
21123 Heidberg-Südost,1002,25.449101796407188,35.45706371191136,24.930747922437675,11.772853185595569,0,3.0470914127423825,4.986149584487535,9.002770083102494,10.80332409972299,SPD-GRÜNE,SPD
21124 Heidberg-Südwest,903,34.10852713178294,40.069284064665126,30.94688221709007,7.505773672055427,0,3.5796766743648964,3.0023094688221708,5.311778290993072,9.584295612009237,SPD-GRÜNE,SPD
21125 Heidberg-Zentrum,1164,24.570446735395187,39.21832884097035,29.514824797843666,9.838274932614555,0,2.0215633423180592,3.7735849056603774,3.908355795148248,11.725067385444744,SPD-GRÜNE,SPD
21126 Heidberg-Nordwest,1172,30.034129692832767,41.313131313131315,24.747474747474747,9.494949494949495,0,5.95959595959596,5.454545454545454,4.040404040404041,8.98989898989899,SPD-GRÜNE,SPD
21131 Melverode-Südwest,1040,38.36538461538462,28.633217993079583,31.228373702422147,16.608996539792386,0,6.055363321799308,3.633217993079585,5.88235294117647,7.958477508650519,SPD-GRÜNE,CDU
21132 Melverode-Nord,978,33.23108384458078,38.78656554712892,24.918743228602384,9.209100758396534,0,4.442036836403034,3.791982665222102,6.717226435536294,12.134344528710725,SPD-GRÜNE,SPD
21133 Melverode-Südost,1034,37.71760154738878,35.879218472468914,29.573712255772644,14.47602131438721,0,2.930728241563055,6.039076376554174,4.618117229129663,6.483126110124333,SPD-GRÜNE,SPD
21201 Mastbruch-Siedlung,745,35.033557046979865,36.50586701434159,21.903520208604952,25.16297262059974,0,6.51890482398957,0,8.34419817470665,1.564537157757497,SPD-GRÜNE,SPD
21211 Rautheim-West,1336,31.58682634730539,43.92678868552412,26.37271214642263,11.647254575707153,0,8.402662229617304,0,6.239600665557404,3.4109816971713807,SPD-GRÜNE,SPD
21212 Rautheim-Ost,1466,36.15279672578445,36.67100130039012,29.323797139141742,21.196358907672302,0,4.421326397919375,0,5.461638491547465,2.9258777633289985,SPD-GRÜNE,SPD
21221 Lindenberg-West,976,31.762295081967213,41.27167630057804,21.502890173410407,14.566473988439308,0,10.520231213872833,0,5.5491329479768785,6.589595375722543,SPD-GRÜNE,SPD
21222 Lindenberg-Ost,1001,40.75924075924076,34.84466834592779,25.524769101595297,23.005877413937867,0,6.884970612930311,0,6.465155331654072,3.27455919395466,SPD-GRÜNE,SPD
21231 Südstadt-Ost,1231,39.967506092607636,45.52785923753665,18.7683284457478,20.234604105571847,0,4.912023460410557,0,7.47800586510264,3.0791788856304985,SPD-GRÜNE,SPD
21232 Südstadt-West,1024,41.89453125,49.43457189014539,16.074313408723746,18.093699515347332,0,6.138933764135703,0,7.754442649434572,2.504038772213247,SPD-GRÜNE,SPD
21241 Mascherode-Mitte,971,36.251287332646754,31.955645161290324,33.46774193548387,17.338709677419356,0,4.334677419354839,0,9.979838709677418,2.9233870967741935,SPD-GRÜNE,CDU
21242 Mascherode-Süd,1038,44.41233140655106,35.48148148148148,26.88888888888889,19.925925925925924,0,3.851851851851852,0,12.296296296296298,1.5555555555555556,SPD-GRÜNE,SPD
21243 Mascherode-Nordwest,1159,40.034512510785156,32.693726937269375,32.619926199262,19.2619926199262,0,3.616236162361624,0,10.25830258302583,1.5498154981549817,SPD-GRÜNE,SPD
22101 Rheinring-Ost,1679,24.7170935080405,39.89637305699482,22.36614853195164,10.362694300518134,11.917098445595855,3.1951640759930915,4.317789291882556,5.008635578583765,2.936096718480138,SPD-GRÜNE,SPD
22102 Emsstraße-West,1122,19.607843137254903,34.602649006622514,20.86092715231788,10.099337748344372,20.364238410596027,3.47682119205298,2.4834437086092715,5.629139072847682,2.4834437086092715,SPD-GRÜNE,SPD
22103 Elbestraße-Ost,1224,16.911764705882355,37.70197486535009,17.0556552962298,10.59245960502693,14.542190305206462,4.129263913824058,6.283662477558348,5.026929982046679,4.66786355475763,SPD-GRÜNE,SPD
22104 Rheinring-Südwest,1159,29.076790336496984,44.00428265524625,24.51820128479657,11.884368308351178,10.706638115631693,1.8201284796573876,1.6059957173447537,4.496788008565311,0.9635974304068522,SPD-GRÜNE,SPD
22105 Rheinring-Nordwest,1129,32.32949512843224,40.853658536585364,29.573170731707314,9.857723577235772,10.975609756097562,0.9146341463414633,2.9471544715447155,3.353658536585366,1.524390243902439,SPD-GRÜNE,SPD
22111 Elbestraße-Süd,1140,17.719298245614034,43.99293286219081,21.73144876325088,9.717314487632509,14.13427561837456,0,3.53356890459364,5.477031802120141,1.4134275618374559,SPD-GRÜNE,SPD
22112 Saalestraße,1328,18.44879518072289,36.486486486486484,25.225225225225223,10.96096096096096,12.462462462462462,3.153153153153153,5.8558558558558556,3.6036036036036037,2.2522522522522523,SPD-GRÜNE,SPD
22113 Ilmenaustraße,1311,26.849733028222733,41.90782422293676,19.935691318327976,11.89710610932476,14.683815648445876,2.3579849946409435,4.180064308681672,3.644158628081458,1.3933547695605575,SPD-GRÜNE,SPD
22114 Weserstraße,1241,26.752618855761483,41.202185792349724,23.60655737704918,9.836065573770492,12.459016393442624,1.092896174863388,5.7923497267759565,3.934426229508197,2.0765027322404372,SPD-GRÜNE,SPD
22115 Isarstraße,1166,23.41337907375643,43.862068965517246,20,8,13.241379310344827,2.344827586206897,5.241379310344827,6.482758620689655,0.8275862068965517,SPD-GRÜNE,SPD
22116 Lechstraße,1146,22.600349040139616,43.31476323119777,13.370473537604457,15.041782729805014,12.813370473537605,4.03899721448468,4.735376044568245,5.8495821727019495,0.8356545961002786,SPD-GRÜNE,SPD
22121 Münchenstraße-Südost,1302,13.517665130568357,31.03448275862069,19.47261663286004,6.490872210953347,21.50101419878296,5.476673427991886,4.056795131845842,10.344827586206897,1.6227180527383367,SPD-GRÜNE,SPD
22122 Neckarstraße,950,20.736842105263158,47.026022304832715,21.37546468401487,8.736059479553903,9.66542750929368,1.6728624535315983,4.275092936802974,4.089219330855019,3.1598513011152414,SPD-GRÜNE,SPD
22123 Lahnstraße,1073,17.98695246971109,39.56442831215971,19.96370235934664,12.159709618874773,17.05989110707804,3.0852994555353903,2.35934664246824,4.900181488203267,0.9074410163339384,SPD-GRÜNE,SPD
22201 Timmerlah-West,907,37.045203969129,40.644490644490645,35.75883575883576,9.043659043659044,0,5.093555093555094,0,4.677754677754678,4.781704781704782,SPD-GRÜNE,SPD
22202 Timmerlah-Ost,932,43.99141630901288,31.255195344970904,33.08395677472984,12.967581047381547,0,10.224438902743142,0,6.56691604322527,5.901911886949293,SPD-GRÜNE,CDU
22211 Stiddien,178,53.37078651685393,28.782287822878228,45.75645756457565,10.70110701107011,0,7.011070110701106,0,3.6900369003690034,4.059040590405904,CDU-FDP,CDU
22221 Geitelde,937,43.009605122732125,25.217391304347824,52.8695652173913,12.26086956521739,0,3.6521739130434785,0,4.260869565217392,1.7391304347826086,CDU-FDP,CDU
22231 Broitzem-Nordwest,1299,30.792917628945343,50,25.789473684210527,9.035087719298247,0,4.2105263157894735,0,6.403508771929825,4.56140350877193,SPD-GRÜNE,SPD
22232 Broitzem-Südwest,1272,36.477987421383645,42.87867370007536,27.882441597588546,15.146948003014318,0,2.8636021100226077,0,7.1590052750565185,4.069329314242653,SPD-GRÜNE,SPD
22233 Broitzem-Südost,977,40.83930399181167,47.12643678160919,25.37577365163572,14.765694076038905,0,4.332449160035367,0,5.128205128205128,3.2714412024756854,SPD-GRÜNE,SPD
22234 Broitzem-Nordost,1141,35.31989482909728,36.1013986013986,25.08741258741259,18.094405594405593,0,4.283216783216783,0,7.43006993006993,9.003496503496503,SPD-GRÜNE,SPD
22241 Rüningen-Nord,1167,30.505569837189373,34.00200601805417,38.314944834503514,12.738214643931794,0,2.3069207622868606,0,5.015045135406218,7.622868605817453,SPD-GRÜNE,CDU
22242 Rüningen-Süd,1196,26.839464882943144,41.387024608501115,28.41163310961969,10.51454138702461,0,3.2438478747203576,0,6.935123042505594,9.507829977628637,SPD-GRÜNE,SPD
31001 Eichtal,1182,19.796954314720814,20.845481049562682,11.9533527696793,37.02623906705539,3.7900874635568513,6.705539358600583,8.60058309037901,4.956268221574344,6.122448979591836,SPD-GRÜNE,GRÜNE
31002 Am Weißen Roß,1211,24.690338563170933,24.299065420560748,9.228971962616821,28.738317757009348,2.6869158878504673,9.228971962616821,7.943925233644859,7.009345794392523,10.86448598130841,SPD-GRÜNE,GRÜNE
31003 Celler Straße-Nordwest,1004,23.40637450199203,31.357254290171603,18.252730109204368,23.712948517940717,3.2761310452418098,2.9641185647425896,7.48829953198128,5.46021840873635,7.48829953198128,SPD-GRÜNE,SPD
31004 Rudolfplatz-Nord,1097,27.985414767547855,26.091954022988507,17.93103448275862,25.97701149425287,2.0689655172413794,4.022988505747127,6.781609195402299,6.551724137931035,10.574712643678161,SPD-GRÜNE,SPD
31011 Am Maschplatz,1199,29.608006672226857,22.740524781341108,11.661807580174926,36.345966958211854,4.761904761904762,6.802721088435375,4.56754130223518,7.871720116618077,5.247813411078718,SPD-GRÜNE,GRÜNE
31012 Am Amalienplatz,1339,32.038834951456316,24.704025256511443,12.312549329123915,28.650355169692187,3.3938437253354383,7.34017363851618,9.076558800315707,4.972375690607735,9.550118389897396,SPD-GRÜNE,GRÜNE
31013 Rudolfplatz-Ost,1108,30.144404332129966,25.051759834368532,9.420289855072465,30.53830227743271,5.797101449275362,6.418219461697723,8.592132505175984,4.554865424430641,9.627329192546584,SPD-GRÜNE,GRÜNE
31014 Rennelberg,1108,27.075812274368232,23.569794050343248,11.556064073226544,33.52402745995423,3.775743707093822,7.208237986270023,5.835240274599542,5.034324942791762,9.496567505720824,SPD-GRÜNE,GRÜNE
31015 Holwedestraße,1272,31.053459119496857,21.59090909090909,12.5,36.1013986013986,1.048951048951049,7.43006993006993,9.178321678321678,5.332167832167832,6.8181818181818175,SPD-GRÜNE,GRÜNE
31016 Sackring-Ost,1260,25.07936507936508,32.625698324022345,7.374301675977654,26.927374301675975,2.2346368715083798,9.497206703910614,7.932960893854749,6.145251396648044,7.262569832402235,SPD-GRÜNE,SPD
31021 Rudolfplatz-West,1420,29.507042253521128,30.50420168067227,18.067226890756302,23.10924369747899,5.798319327731092,3.613445378151261,4.789915966386555,7.394957983193278,6.722689075630252,SPD-GRÜNE,SPD
31022 Sackring-West,1355,31.21771217712177,30.89700996677741,19.186046511627907,24.58471760797342,5.897009966777408,4.235880398671096,4.568106312292359,5.647840531561462,4.983388704318937,SPD-GRÜNE,SPD
31031 Altstadtring-Nord,1135,24.75770925110132,19.774718397997496,18.1476846057572,28.410513141426787,4.130162703379224,5.506883604505632,11.013767209011265,6.88360450563204,6.132665832290362,SPD-GRÜNE,GRÜNE
31032 Altstadtring-Süd,1256,26.990445859872615,26.985743380855396,11.09979633401222,28.818737270875765,4.989816700610998,8.350305498981669,7.739307535641547,3.971486761710794,8.04480651731161,SPD-GRÜNE,GRÜNE
31033 Altstadtring-West,1083,27.146814404432135,25.70093457943925,7.593457943925233,31.89252336448598,5.0233644859813085,6.308411214953271,10.514018691588785,6.425233644859812,6.5420560747663545,SPD-GRÜNE,GRÜNE
31034 Am Großmarkt,1152,23.4375,23.484848484848484,15.656565656565657,25.126262626262623,6.944444444444445,6.313131313131313,8.333333333333332,7.449494949494949,6.691919191919192,SPD-GRÜNE,GRÜNE
31041 Westbahnhof,1232,27.759740259740262,22.87179487179487,9.64102564102564,27.282051282051285,2.358974358974359,7.179487179487179,14.76923076923077,7.794871794871796,8.102564102564102,SPD-GRÜNE,GRÜNE
31042 Cyriaksring-Ost,1205,33.11203319502074,23.4737747205503,9.200343938091143,25.967325881341356,6.362854686156492,10.060189165950128,11.521926053310404,5.2450558899398105,8.16852966466036,SPD-GRÜNE,GRÜNE
31043 Juliusstraße-Ost,1534,26.205997392438068,20.18659881255301,10.60220525869381,31.552162849872772,4.410517387616624,7.039864291772689,9.669211195928753,7.548770144189991,8.990670059372349,SPD-GRÜNE,GRÜNE
31044 Frankfurter Straße-Ost,1171,26.98548249359522,20.305676855895197,9.497816593886462,29.366812227074234,10.480349344978166,6.550218340611353,10.698689956331878,5.349344978165939,7.751091703056769,SPD-GRÜNE,GRÜNE
31045 Frankfurter Straße-West,1020,22.54901960784314,18.7779433681073,9.836065573770492,29.06110283159464,6.259314456035768,8.941877794336811,12.518628912071536,3.278688524590164,11.326378539493295,SPD-GRÜNE,GRÜNE
31051 Gartenstadt-Ost,760,41.578947368421055,30.691964285714285,25.223214285714285,23.214285714285715,3.90625,3.6830357142857144,3.459821428571429,3.459821428571429,6.361607142857142,SPD-GRÜNE,SPD
31052 Gartenstadt-West,750,32.4,24.224519940915805,27.76957163958641,15.5096011816839,6.499261447562777,5.1698670605613,5.760709010339734,8.124076809453472,6.942392909896602,SPD-GRÜNE,CDU
32101 Kanzlerfeld-West,873,41.46620847651776,41.19960668633235,32.35004916420846,14.257620452310718,2.753195673549656,1.7699115044247788,1.5732546705998034,5.408062930186824,0.688298918387414,SPD-GRÜNE,SPD
32102 Kanzlerfeld-Südwest,1002,42.21556886227545,34.34426229508197,30.16393442622951,19.42622950819672,2.8688524590163933,2.540983606557377,3.360655737704918,5.245901639344262,2.0491803278688523,SPD-GRÜNE,SPD
32103 Kanzlerfeld-Ost,1303,41.36607828089025,31.686978832584987,27.132777421423988,23.027581783194357,4.490057729313662,2.5657472738935216,1.3470173187940988,7.440667094291212,2.3091725465041693,SPD-GRÜNE,SPD
32111 Horstbleek,1195,34.56066945606695,40.427350427350426,17.435897435897434,23.760683760683758,2.3931623931623935,2.735042735042735,4.615384615384616,6.153846153846154,2.4786324786324787,SPD-GRÜNE,SPD
32112 Lehndorf-Siedlung-Nord,1311,31.80778032036613,42.364532019704434,15.845648604269295,24.055829228243024,3.6945812807881775,4.51559934318555,2.8735632183908044,4.761904761904762,1.8883415435139574,SPD-GRÜNE,SPD
32113 Lehndorf-Alt,1080,33.05555555555556,36.31010794896958,22.473012757605495,17.369970559371932,5.299313052011776,4.023552502453385,5.004906771344456,7.45829244357213,2.060843964671246,SPD-GRÜNE,SPD
32114 Lehndorf-Mitte,1117,32.67681289167413,34.70757430488975,20.99712368168744,23.48993288590604,5.560882070949185,3.0680728667305845,4.314477468839885,5.560882070949185,2.3010546500479387,SPD-GRÜNE,SPD
32115 Lehndorf-Siedlung-Süd,1046,41.68260038240918,33.90243902439025,20.56910569105691,26.666666666666668,4.878048780487805,2.8455284552845526,2.7642276422764227,5.284552845528456,3.089430894308943,SPD-GRÜNE,SPD
32121 Lamme-Nord,1200,39.166666666666664,38.15113719735877,22.23037417461482,14.38004402054292,4.475421863536317,3.301540719002201,3.7417461482024947,8.804108584005869,4.91562729273661,SPD-GRÜNE,SPD
32122 Lamme-Süd,1420,38.59154929577465,39.30379746835443,19.68354430379747,19.62025316455696,5.443037974683544,1.139240506329114,2.3417721518987342,10.69620253164557,1.7721518987341773,SPD-GRÜNE,SPD
32123 Lamme-Ost,981,40.0611620795107,35.609334485738984,22.039757994814174,18.063958513396717,7.951598962834917,1.0371650821089022,2.16076058772688,6.222990492653413,6.914433880726016,SPD-GRÜNE,SPD
32131 Völkenrode,1440,38.611111111111114,39.77485928705441,20.075046904315197,21.575984990619137,4.127579737335835,2.25140712945591,2.8142589118198873,6.879299562226391,2.5015634771732334,SPD-GRÜNE,SPD
32141 Watenbüttel-Nordost,1279,36.04378420641126,37.566947207345066,24.942616679418517,18.515684774292275,6.732976281560826,2.9839326702371842,2.448355011476664,5.202754399387912,1.6067329762815608,SPD-GRÜNE,SPD
32142 Watenbüttel-Südwest,952,39.49579831932773,42.06049149338374,24.196597353497165,15.500945179584122,3.8752362948960304,2.9300567107750473,3.9697542533081283,3.9697542533081283,3.497164461247637,SPD-GRÜNE,SPD
32151 Ölper,1163,40.84264832330181,39.24963924963925,21.572871572871573,20.49062049062049,5.339105339105339,4.329004329004329,2.0202020202020203,5.555555555555555,1.443001443001443,SPD-GRÜNE,SPD
32201 Veltenhof-Nord,1199,32.02668890742285,46.06946983546618,24.49725776965265,12.340036563071298,0,6.124314442413162,4.478976234003657,6.489945155393053,0,SPD-GRÜNE,SPD
32202 Veltenhof-Süd,1126,33.92539964476021,33.20754716981132,36.0377358490566,16.132075471698112,0,4.716981132075472,2.2641509433962264,7.641509433962264,0,SPD-GRÜNE,CDU
32211 Lincolnsiedlung,1210,30.66115702479339,40.136054421768705,25.55879494655005,16.229348882410108,0,5.636540330417882,5.928085519922255,6.511175898931001,0,SPD-GRÜNE,SPD
32212 Vorwerksiedlung,1080,24.444444444444443,30.853994490358126,25.206611570247933,14.325068870523417,0,7.7134986225895315,7.575757575757576,14.325068870523417,0,SPD-GRÜNE,SPD
32221 Harxbüttel,563,51.332149200710475,18.389423076923077,45.91346153846153,17.548076923076923,0,12.620192307692307,0.8413461538461539,4.6875,0,CDU-FDP,CDU
32231 Thune,1391,39.97124370956146,28.249999999999996,33.0625,16.625,0,13.9375,1.6875,6.4375,0,SPD-GRÜNE,CDU
32241 Wenden-Nordwest,1147,35.91979075850043,36.81898066783831,34.44639718804921,13.53251318101933,0,6.151142355008787,3.0755711775043935,5.975395430579964,0,SPD-GRÜNE,SPD
32242 Wenden-Ost,1046,32.79158699808795,29.200819672131146,37.60245901639344,18.237704918032787,0,5.020491803278689,2.8688524590163933,7.069672131147541,0,SPD-GRÜNE,CDU
32243 Wenden-Südwest,1069,34.05051449953228,34.36293436293436,30.212355212355213,14.961389961389962,0,9.362934362934363,7.142857142857142,3.9575289575289574,0,SPD-GRÜNE,SPD
33001 Schwarzer Berg-Süd,933,30.439442658092176,38.11944091486658,22.61753494282084,19.186785260482846,0,4.320203303684879,5.209656925031767,3.5578144853875475,6.98856416772554,SPD-GRÜNE,SPD
33002 Schwarzer Berg-Mitte,1000,32.6,33.48115299334812,30.820399113082043,17.849223946784925,0,5.210643015521065,2.328159645232816,6.541019955654102,3.7694013303769403,SPD-GRÜNE,SPD
33003 Schwarzer Berg-West,953,32.84365162644281,39.81588032220944,31.070195627157656,10.126582278481013,0,3.452243958573072,4.487917146144994,4.372842347525892,6.67433831990794,SPD-GRÜNE,SPD
33004 Schwarzer Berg-Nordwest,798,24.185463659147867,42.44741873804971,19.311663479923517,12.4282982791587,0,3.2504780114722758,6.309751434034416,5.927342256214149,10.325047801147228,SPD-GRÜNE,SPD
33011 Siegfriedviertel-Nord,1063,34.05456255879586,30.019120458891013,13.001912045889103,33.93881453154876,0,8.413001912045889,5.640535372848948,3.4416826003824093,5.544933078393881,SPD-GRÜNE,GRÜNE
33012 Siegfriedviertel-Nordost,955,29.52879581151833,36.17021276595745,17.02127659574468,23.028785982478098,0,10.262828535669586,4.630788485607009,2.5031289111389237,6.382978723404255,SPD-GRÜNE,SPD
33013 Siegfriedviertel-Südost,853,26.260257913247365,30.462519936204146,10.845295055821373,30.14354066985646,0,4.944178628389154,7.974481658692185,6.379585326953747,9.250398724082935,SPD-GRÜNE,SPD
33014 Siegfriedviertel-Mitte,1083,28.624192059095105,30.637813211845106,8.88382687927107,34.7380410022779,0,7.6309794988610475,6.0364464692482915,5.125284738041002,6.947608200455581,SPD-GRÜNE,GRÜNE
33015 Siegfriedviertel-Südwest,844,27.72511848341232,30.74626865671642,21.940298507462686,21.641791044776117,0,7.014925373134329,6.26865671641791,5.522388059701493,6.865671641791045,SPD-GRÜNE,SPD
33016 Siegfriedviertel-West,891,21.885521885521886,30.685920577617328,14.079422382671481,25.27075812274368,0,5.234657039711191,11.010830324909747,5.415162454873646,8.303249097472925,SPD-GRÜNE,SPD
33021 Wendenring-Süd,892,41.143497757847534,19.052044609665426,8.736059479553903,42.84386617100372,0,7.527881040892194,8.271375464684015,7.992565055762081,5.5762081784386615,SPD-GRÜNE,GRÜNE
33022 Wendenring-Nord,773,29.6248382923674,18.31831831831832,9.60960960960961,40.84084084084084,0,6.306306306306306,12.012012012012011,4.2042042042042045,8.708708708708707,SPD-GRÜNE,GRÜNE
33023 Am Nordbahnhof Ludwigstraße,696,28.160919540229884,20.774647887323944,12.323943661971832,38.20422535211267,0,6.866197183098592,5.105633802816902,7.746478873239436,8.97887323943662,SPD-GRÜNE,GRÜNE
33024 Neues Hochschulviertel,1051,33.111322549952426,25.25354969574036,15.517241379310345,38.23529411764706,0,5.273833671399594,4.9695740365111565,3.9553752535496955,6.7951318458417855,SPD-GRÜNE,GRÜNE
33025 Rebenring-Nord,868,29.60829493087558,23.763736263736263,8.928571428571429,42.582417582417584,0,5.906593406593406,7.142857142857142,6.318681318681318,5.357142857142857,SPD-GRÜNE,GRÜNE
33026 Altes Hochschulviertel,896,35.379464285714285,21.62458836443469,12.403951701427003,42.700329308452254,0,6.805708013172337,5.708013172338091,5.92755214050494,4.829857299670691,SPD-GRÜNE,GRÜNE
33027 Am Wendenwehr,789,32.31939163498099,22.060766182298547,10.435931307793924,41.08322324966975,0,5.680317040951123,5.019815059445178,6.208718626155878,9.5112285336856,SPD-GRÜNE,GRÜNE
33028 Am Nordbahnhof,843,41.637010676156585,22.330097087378643,12.233009708737864,40.3883495145631,0,7.184466019417475,8.25242718446602,4.174757281553398,5.436893203883495,SPD-GRÜNE,GRÜNE
33029 Bültenweg-Nord,931,30.397422126745433,24.154589371980677,19.444444444444446,31.40096618357488,0,3.864734299516908,5.917874396135265,9.178743961352657,6.038647342995169,SPD-GRÜNE,GRÜNE
33031 Kralenriede-Nordwest,1187,28.30665543386689,34.86910994764398,23.036649214659686,20.209424083769633,0,11.62303664921466,1.8848167539267016,4.18848167539267,4.18848167539267,SPD-GRÜNE,SPD
33032 Kralenriede-Südost,1284,29.439252336448597,30.64066852367688,18.848653667595173,22.098421541318476,0,9.842154131847725,4.642525533890436,4.36397400185701,9.563602599814299,SPD-GRÜNE,SPD
33041 Schuntersiedlung-West,687,44.832605531295485,29.25714285714286,11.314285714285715,18.97142857142857,0,26.62857142857143,4.914285714285714,2.6285714285714286,6.2857142857142865,SPD-GRÜNE,SPD
33042 Schuntersiedlung-Ost,756,42.32804232804233,24.78448275862069,15.948275862068966,25.10775862068966,0,17.13362068965517,5.495689655172414,4.202586206896552,7.327586206896551,SPD-GRÜNE,GRÜNE
Stadt Braunschweig (incl. Briefwahl),197034,55.43053483155192,31.253620137937148,22.31207725493051,23.61073744781462,2.4124757470540383,5.84254655141308,3.961499140662339,6.176153142517116,4.430890577671147,SPD-GRÜNE,SPD
Niedersachsen, -, -, -, -, -, -, -, -, -, -, -, -
Deutschland, -, -, -, -, -, -, -, -, -, -, -, -
