,Wahlberechtigte,Wahlbeteiligung,CDU (Erststimmen),CDU (Zweitstimmen),SPD (Erststimmen),SPD (Zweitstimmen),FDP (Erststimmen),FDP (Zweitstimmen),AfD (Erststimmen),AfD (Zweitstimmen),GRÜNE (Erststimmen),GRÜNE (Zweitstimmen),DIE LINKE (Erststimmen),DIE LINKE (Zweitstimmen),BIBS (Erststimmen),Die PARTEI (Zweitstimmen),Sonstige (Erststimmen),Sonstige (Zweitstimmen),Stimmenmehrheiten (Erststimmen),Stimmenmehrheiten (Zweitstimmen)
11101 Hondelage-Ost,1114.0,65.35008976660683,37.67313019390582,33.19502074688796,39.75069252077562,30.567081604426004,6.64819944598338,12.448132780082988,7.617728531855955,7.192254495159059,3.739612188365651,6.36237897648686,3.4626038781163437,4.149377593360995,1.10803324099723,2.2130013831258646,0.0,3.872752420470263,CDU-FDP,CDU-FDP
11102 Hondelage-Mitte/Gewerbegebiet,995.0,58.99497487437186,34.5360824742268,32.068965517241374,37.97250859106529,29.82758620689655,6.701030927835052,9.137931034482758,9.793814432989691,11.379310344827587,4.810996563573884,7.241379310344828,5.841924398625429,6.724137931034482,0.1718213058419244,0.8620689655172413,0.1718213058419244,2.7586206896551726,SPD-GRÜNE,CDU-FDP
11103 Hondelage-West,989.0,59.04954499494439,33.44887348353553,29.289428076256502,41.074523396880416,32.40901213171577,5.1993067590987865,9.01213171577123,9.532062391681109,11.611785095320624,4.506065857885615,6.759098786828423,4.506065857885615,6.932409012131716,1.733102253032929,0.5199306759098787,0.0,3.466204506065858,SPD-GRÜNE,SPD-GRÜNE
11111 Dibbesdorf,1199.0,65.63803169307756,36.52618135376756,35.28662420382165,37.80332056194125,26.62420382165605,6.513409961685824,9.044585987261145,6.896551724137931,7.643312101910828,6.7688378033205625,10.573248407643312,4.725415070242656,6.496815286624204,0.6385696040868455,0.7643312101910829,0.1277139208173691,3.56687898089172,SPD-GRÜNE,CDU-FDP
11121 Volkmarode-Ost,1463.0,59.87696514012304,38.275862068965516,35.172413793103445,37.93103448275862,24.942528735632184,5.517241379310345,10.919540229885058,5.977011494252873,6.551724137931035,7.471264367816093,12.758620689655173,3.4482758620689653,5.977011494252873,1.1494252873563218,0.8045977011494253,0.22988505747126436,2.8735632183908044,SPD-GRÜNE,CDU-FDP
11122 Volkmarode-West,1625.0,54.15384615384615,36.22857142857143,35.42857142857142,36.8,25.142857142857146,6.2857142857142865,11.200000000000001,7.428571428571429,8.799999999999999,7.542857142857143,10.742857142857144,4.0,4.571428571428571,1.4857142857142858,1.3714285714285714,0.2285714285714286,2.742857142857143,SPD-GRÜNE,CDU-FDP
11131 Schapen,1318.0,56.752655538694995,41.318977119784655,35.08064516129033,35.1278600269179,20.56451612903226,6.594885598923284,15.591397849462366,6.3257065948856,6.451612903225806,4.710632570659488,12.231182795698924,5.114401076716016,7.661290322580645,0.8075370121130552,0.9408602150537635,0.0,1.478494623655914,CDU-FDP,CDU-FDP
11201 Bevenrode,1212.0,66.17161716171617,36.0655737704918,34.465408805031444,35.56116015132408,23.144654088050316,4.791929382093317,11.446540880503145,8.701134930643127,9.685534591194969,6.305170239596469,9.056603773584905,4.539722572509458,6.7924528301886795,3.909205548549811,1.3836477987421385,0.12610340479192939,4.0251572327044025,SPD-GRÜNE,CDU-FDP
11211 Waggum-Ost,1325.0,61.886792452830186,32.349323493234934,31.157635467980292,37.269372693726936,29.310344827586203,6.642066420664207,9.975369458128078,8.364083640836409,8.74384236453202,6.273062730627306,9.482758620689655,5.289052890528905,7.0197044334975365,3.6900369003690034,1.7241379310344827,0.12300123001230012,2.586206896551724,SPD-GRÜNE,CDU-FDP
11212 Waggum-West,1150.0,59.130434782608695,37.40685543964232,31.93403298350825,37.5558867362146,28.035982008995504,5.216095380029806,13.6431784107946,6.557377049180328,6.746626686656672,5.216095380029806,10.194902548725636,4.470938897168406,6.296851574212893,3.427719821162444,0.8995502248875562,0.14903129657228018,2.2488755622188905,SPD-GRÜNE,CDU-FDP
11221 Bienrode,1356.0,59.29203539823009,35.93947036569987,34.217171717171716,39.21815889029004,30.681818181818183,5.674653215636822,9.974747474747476,8.07061790668348,8.712121212121213,4.665825977301387,6.4393939393939394,5.296343001261034,6.313131313131313,0.8827238335435058,0.3787878787878788,0.25220680958385877,3.2828282828282833,SPD-GRÜNE,CDU-FDP
11231 Querum-Nord,876.0,61.073059360730596,38.59315589353612,35.27204502814259,36.69201520912547,21.013133208255162,6.653992395437262,14.071294559099437,6.083650190114068,6.0037523452157595,6.653992395437262,12.94559099437148,3.9923954372623576,6.941838649155723,1.3307984790874523,0.5628517823639775,0.0,3.189493433395872,CDU-FDP,CDU-FDP
11232 Querum-Nordost,929.0,47.68568353067815,39.04109589041096,33.48519362186788,32.64840182648402,17.539863325740317,7.534246575342466,16.173120728929387,6.392694063926941,8.200455580865604,8.21917808219178,12.756264236902052,5.251141552511415,9.567198177676538,0.91324200913242,1.1389521640091116,0.0,1.1389521640091116,CDU-FDP,CDU-FDP
11241 Querum-Ost,912.0,57.127192982456144,35.797665369649806,31.2621359223301,39.29961089494164,26.407766990291265,3.8910505836575875,8.54368932038835,6.22568093385214,7.572815533980583,7.392996108949417,13.203883495145632,6.031128404669261,8.737864077669903,1.3618677042801557,1.1650485436893203,0.0,3.1067961165048543,SPD-GRÜNE,CDU-FDP
11242 Querum-Mitte,1286.0,56.842923794712284,32.36914600550964,29.807692307692307,38.29201101928375,26.923076923076923,4.132231404958678,8.379120879120878,7.024793388429752,7.0054945054945055,7.7134986225895315,11.675824175824175,9.090909090909092,10.43956043956044,1.3774104683195594,1.6483516483516485,0.0,4.1208791208791204,SPD-GRÜNE,SPD-GRÜNE
11243 Querum-West,1172.0,55.034129692832764,27.472527472527474,24.56964006259781,42.700156985871274,33.33333333333333,4.081632653061225,7.042253521126761,8.791208791208792,9.389671361502346,8.47723704866562,12.050078247261347,7.064364207221351,8.607198748043817,1.098901098901099,1.0954616588419406,0.3139717425431711,3.912363067292645,SPD-GRÜNE,SPD-GRÜNE
11251 Pappelberg,1324.0,55.66465256797583,30.24523160762943,30.64295485636115,44.141689373297005,30.779753761969904,3.1335149863760217,7.7975376196990425,9.809264305177113,10.6703146374829,5.858310626702997,10.94391244870041,5.5858310626703,6.019151846785226,1.226158038147139,0.8207934336525308,0.0,2.3255813953488373,SPD-GRÜNE,SPD-GRÜNE
11252 Gliesmarode-Südost,1220.0,56.393442622950815,35.8600583090379,30.029154518950435,35.42274052478135,25.072886297376094,7.288629737609329,13.411078717201166,7.871720116618077,9.475218658892128,6.997084548104956,11.661807580174926,5.247813411078718,7.871720116618077,1.0204081632653061,0.8746355685131195,0.2915451895043732,1.6034985422740524,CDU-FDP,CDU-FDP
11253 Gliesmarode-Mitte,1125.0,55.2,29.200652528548126,30.906148867313917,40.61990212071778,24.75728155339806,5.220228384991843,8.576051779935275,7.6672104404567705,8.090614886731391,9.9510603588907,14.886731391585762,6.525285481239804,8.414239482200648,0.6525285481239804,1.132686084142395,0.1631321370309951,3.2362459546925564,SPD-GRÜNE,SPD-GRÜNE
11254 Gliesmarode-Nord,1323.0,53.74149659863946,31.78621659634318,31.549295774647888,39.943741209563996,23.52112676056338,4.922644163150492,8.87323943661972,6.469760900140647,7.464788732394366,7.876230661040788,14.225352112676056,6.891701828410689,10.56338028169014,1.6877637130801686,1.1267605633802817,0.42194092827004215,2.676056338028169,SPD-GRÜNE,CDU-FDP
11261 Riddagshausen,426.0,54.694835680751176,35.622317596566525,32.61802575107296,33.047210300429185,21.030042918454935,4.291845493562231,9.871244635193133,6.008583690987124,5.579399141630901,11.587982832618025,16.30901287553648,7.296137339055794,9.871244635193133,2.1459227467811157,1.7167381974248928,0.0,3.004291845493562,SPD-GRÜNE,CDU-FDP
12001 Gliesmaroder Straße-Nordost,1225.0,50.93877551020408,25.40453074433657,22.294022617124394,36.407766990291265,24.07108239095315,5.016181229773463,10.016155088852988,4.53074433656958,5.815831987075929,12.297734627831716,16.478190630048463,13.268608414239482,13.408723747980615,2.4271844660194173,3.5541195476575123,0.6472491909385114,4.361873990306947,SPD-GRÜNE,SPD-GRÜNE
12002 Karlstraße-Mitte,1128.0,56.38297872340425,25.196850393700785,22.79874213836478,41.88976377952756,23.270440251572328,2.9921259842519685,10.062893081761008,4.409448818897638,5.345911949685535,12.125984251968504,21.855345911949687,11.496062992125983,11.477987421383649,1.7322834645669292,2.515723270440252,0.15748031496062992,2.6729559748427674,SPD-GRÜNE,SPD-GRÜNE
12003 Gliesmaroder Straße-Ost,1229.0,53.53946297803092,21.798780487804876,21.91780821917808,42.83536585365854,22.37442922374429,3.6585365853658534,7.4581430745814306,5.487804878048781,5.47945205479452,12.5,22.526636225266362,12.652439024390244,13.24200913242009,0.7621951219512195,3.8051750380517504,0.3048780487804878,3.1963470319634704,SPD-GRÜNE,SPD-GRÜNE
12004 Malerviertel,1324.0,57.70392749244713,27.140974967061926,22.440944881889763,42.95125164690382,23.62204724409449,6.0606060606060606,12.72965879265092,2.635046113306983,3.4120734908136483,11.594202898550725,24.146981627296586,7.246376811594203,10.498687664041995,1.9762845849802373,2.3622047244094486,0.3952569169960474,0.7874015748031495,SPD-GRÜNE,SPD-GRÜNE
12005 An der Paulikirche,1239.0,61.25907990314769,26.1558784676354,22.823218997361476,41.87582562747688,24.142480211081793,3.4346103038309117,8.70712401055409,4.359313077939234,5.277044854881266,15.059445178335535,24.80211081794195,7.26552179656539,11.213720316622691,1.7173051519154559,1.58311345646438,0.13210039630118892,1.4511873350923483,SPD-GRÜNE,SPD-GRÜNE
12006 Hagenring,1272.0,59.905660377358494,23.404255319148938,22.91390728476821,41.48936170212766,20.397350993377483,3.324468085106383,10.066225165562914,4.787234042553192,5.562913907284768,14.361702127659576,21.456953642384104,11.436170212765957,14.966887417218544,0.9308510638297872,1.1920529801324504,0.26595744680851063,3.443708609271523,SPD-GRÜNE,SPD-GRÜNE
12011 Humboldtstraße,1268.0,51.73501577287066,23.076923076923077,18.83614088820827,36.769230769230774,20.82695252679939,5.6923076923076925,11.791730474732006,4.3076923076923075,4.594180704441041,13.692307692307693,21.133231240428792,13.692307692307693,12.863705972434916,2.307692307692308,4.134762633996937,0.46153846153846156,5.819295558958652,SPD-GRÜNE,SPD-GRÜNE
12012 Kasernenstraße,1335.0,49.43820224719101,24.464831804281346,24.12213740458015,44.03669724770643,24.12213740458015,6.574923547400611,10.229007633587786,5.351681957186544,6.259541984732825,9.63302752293578,18.015267175572518,8.256880733944955,12.67175572519084,1.6819571865443423,1.5267175572519083,0.0,3.0534351145038165,SPD-GRÜNE,SPD-GRÜNE
12021 Am Theater,1490.0,53.288590604026844,26.962025316455694,23.707440100882724,40.25316455696203,22.3203026481715,5.822784810126582,11.853720050441362,4.6835443037974684,4.791929382093317,13.291139240506327,23.329129886506937,8.227848101265822,10.21437578814628,0.5063291139240507,1.5132408575031526,0.25316455696202533,2.269861286254729,SPD-GRÜNE,SPD-GRÜNE
12022 Giersberg,1488.0,50.26881720430107,28.975741239892184,25.745257452574528,36.79245283018868,22.493224932249323,7.008086253369273,12.195121951219512,5.929919137466308,7.046070460704606,10.512129380053908,17.88617886178862,8.62533692722372,10.29810298102981,1.8867924528301887,1.6260162601626018,0.2695417789757413,2.710027100271003,SPD-GRÜNE,SPD-GRÜNE
12031 Stadtpark,1357.0,60.427413411938105,25.245098039215684,25.4278728606357,42.52450980392157,21.638141809290953,4.6568627450980395,10.024449877750612,2.083333333333333,2.689486552567237,13.602941176470587,21.39364303178484,9.803921568627452,11.00244498777506,1.5931372549019607,3.1784841075794623,0.49019607843137253,4.645476772616137,SPD-GRÜNE,SPD-GRÜNE
12032 Prinzenpark-Nord,1163.0,59.75924333619949,26.0806916426513,22.366522366522368,37.60806916426513,21.21212121212121,3.890489913544669,10.245310245310245,3.890489913544669,4.329004329004329,14.553314121037463,19.480519480519483,11.671469740634006,15.44011544011544,2.161383285302594,2.7417027417027415,0.1440922190201729,4.184704184704184,SPD-GRÜNE,SPD-GRÜNE
12033 Kastanienallee,1078.0,59.647495361781075,24.294670846394983,20.408163265306122,41.06583072100313,24.332810047095762,3.4482758620689653,9.89010989010989,6.269592476489027,6.122448979591836,11.912225705329153,19.937205651491364,10.9717868338558,12.244897959183673,1.8808777429467085,2.9827315541601256,0.1567398119122257,4.081632653061225,SPD-GRÜNE,SPD-GRÜNE
12034 Prinzenpark-Mitte,950.0,55.78947368421052,22.24334600760456,21.17202268431002,44.866920152091254,27.599243856332706,2.4714828897338403,6.049149338374291,6.273764258555133,6.238185255198488,11.406844106463879,17.580340264650285,10.26615969581749,14.177693761814744,1.7110266159695817,1.890359168241966,0.7604562737642585,5.293005671077505,SPD-GRÜNE,SPD-GRÜNE
12035 Prinzenpark-Süd,1074.0,57.54189944134078,20.03257328990228,20.454545454545457,47.39413680781759,29.707792207792206,4.88599348534202,7.305194805194805,4.071661237785016,4.707792207792208,10.749185667752444,17.20779220779221,11.074918566775244,14.61038961038961,1.6286644951140066,2.4350649350649354,0.16286644951140067,3.571428571428571,SPD-GRÜNE,SPD-GRÜNE
12036 Altewiekring-Südost,1359.0,53.56880058866814,23.71705963938974,22.758620689655174,42.0249653259362,23.448275862068964,4.854368932038835,9.931034482758621,4.993065187239944,4.827586206896552,11.789181692094314,18.89655172413793,11.650485436893204,13.655172413793103,0.6934812760055479,2.896551724137931,0.27739251040221913,3.5862068965517238,SPD-GRÜNE,SPD-GRÜNE
12037 Georg-Westermann-Allee,1303.0,48.119723714504985,23.15112540192926,21.634615384615387,43.40836012861736,27.24358974358974,3.697749196141479,9.134615384615383,5.787781350482315,6.089743589743589,11.57556270096463,15.224358974358973,11.093247588424438,15.865384615384615,0.8038585209003215,1.9230769230769231,0.482315112540193,2.8846153846153846,SPD-GRÜNE,SPD-GRÜNE
13001 Inselwall,987.0,44.37689969604863,29.493087557603687,24.193548387096776,32.71889400921659,20.276497695852534,8.294930875576037,12.442396313364055,6.682027649769585,8.525345622119817,8.986175115207374,13.13364055299539,10.599078341013826,11.52073732718894,2.5345622119815667,3.686635944700461,0.6912442396313364,6.221198156682028,SPD-GRÜNE,CDU-FDP
13002 Am Hagenmarkt,1216.0,47.45065789473684,27.447552447552447,22.164048865619545,37.06293706293706,26.876090750436298,4.020979020979021,8.900523560209423,9.090909090909092,8.55148342059337,8.916083916083917,12.56544502617801,11.363636363636363,15.357766143106458,1.7482517482517483,0.8726003490401396,0.34965034965034963,4.712041884816754,SPD-GRÜNE,SPD-GRÜNE
13003 An der Katharinenkirche,1333.0,40.060015003750934,27.49529190207156,23.639774859287055,34.463276836158194,24.390243902439025,5.084745762711865,9.943714821763603,8.851224105461393,9.193245778611631,8.47457627118644,10.318949343339586,14.124293785310735,14.821763602251407,1.3182674199623352,3.377110694183865,0.18832391713747645,4.315196998123827,SPD-GRÜNE,SPD-GRÜNE
13004 Wendentorwall,1201.0,41.38218151540383,30.5668016194332,27.070707070707073,33.603238866396765,21.616161616161616,6.275303643724696,11.91919191919192,7.6923076923076925,8.686868686868687,9.51417004048583,14.343434343434344,10.728744939271255,11.717171717171718,1.214574898785425,1.2121212121212122,0.4048582995951417,3.4343434343434343,SPD-GRÜNE,CDU-FDP
13011 Am Schloßpark,1243.0,50.683829444891394,31.89102564102564,27.11323763955343,37.82051282051282,24.082934609250398,6.570512820512821,13.875598086124402,5.929487179487179,6.0606060606060606,10.096153846153847,14.19457735247209,6.25,9.888357256778308,1.282051282051282,1.9138755980861244,0.16025641025641024,2.8708133971291865,SPD-GRÜNE,CDU-FDP
13012 Kennedyplatz,1351.0,46.1139896373057,29.22077922077922,25.728155339805824,31.980519480519483,21.35922330097087,8.766233766233766,10.194174757281553,6.98051948051948,7.443365695792881,10.55194805194805,13.430420711974108,10.714285714285714,14.563106796116504,1.461038961038961,3.559870550161812,0.3246753246753247,3.7216828478964405,SPD-GRÜNE,CDU-FDP
13013 An der Martinikirche,1225.0,49.38775510204081,27.242524916943523,22.259136212624583,35.880398671096344,24.086378737541526,7.142857142857142,14.119601328903656,6.976744186046512,7.142857142857142,8.637873754152823,9.800664451827243,11.461794019933555,16.27906976744186,2.1594684385382057,2.990033222591362,0.4983388704318937,3.322259136212625,SPD-GRÜNE,CDU-FDP
13014 Gördelingerstraße,1111.0,51.755175517551756,36.68430335097001,30.228471001757466,28.57142857142857,20.56239015817223,5.996472663139329,12.65377855887522,8.289241622574956,8.787346221441124,7.054673721340388,10.017574692442881,12.345679012345679,10.720562390158172,0.7054673721340388,2.987697715289982,0.3527336860670194,4.042179261862917,CDU-FDP,CDU-FDP
13015 Am Neustadtmühlengraben,1188.0,44.612794612794616,33.206831119544596,29.79127134724858,39.84819734345351,27.13472485768501,4.743833017077799,9.487666034155598,6.451612903225806,8.538899430740038,7.2106261859582546,11.195445920303605,7.7798861480075905,10.246679316888045,0.5692599620493358,2.0872865275142316,0.18975332068311196,1.5180265654648957,SPD-GRÜNE,CDU-FDP
13021 Adolfstraße/Leonhardstraße,1292.0,56.965944272445824,26.67578659370725,23.633879781420767,42.54445964432285,19.94535519125683,4.514363885088919,12.295081967213115,4.377564979480164,5.05464480874317,12.038303693570452,23.497267759562842,8.207934336525307,11.202185792349727,1.231190150478796,2.73224043715847,0.4103967168262654,1.639344262295082,SPD-GRÜNE,SPD-GRÜNE
13022 An der Stadthalle,1159.0,52.97670405522001,23.927392739273927,19.672131147540984,40.26402640264026,24.75409836065574,4.785478547854786,10.491803278688524,4.785478547854786,5.901639344262295,12.871287128712872,17.21311475409836,12.046204620462046,15.737704918032788,1.155115511551155,3.114754098360656,0.16501650165016502,3.114754098360656,SPD-GRÜNE,SPD-GRÜNE
13023 Viewegs-Garten,1232.0,53.246753246753244,28.878648233486942,27.188940092165897,38.095238095238095,23.502304147465438,5.0691244239631335,9.523809523809524,8.90937019969278,10.44546850998464,8.60215053763441,15.207373271889402,9.062980030721967,10.599078341013826,1.228878648233487,1.228878648233487,0.15360983102918588,2.3041474654377883,SPD-GRÜNE,SPD-GRÜNE
13024 Rimpaus-Garten,937.0,59.33831376734259,29.009009009009006,25.181159420289855,39.45945945945946,22.644927536231883,4.864864864864865,10.144927536231885,4.324324324324325,5.797101449275362,11.17117117117117,19.021739130434785,9.54954954954955,11.956521739130435,1.4414414414414414,2.355072463768116,0.18018018018018017,2.898550724637681,SPD-GRÜNE,SPD-GRÜNE
13025 Am Bürgerpark,1027.0,52.48296007789679,27.49529190207156,23.595505617977526,33.89830508474576,20.224719101123593,8.662900188323917,11.985018726591761,6.779661016949152,6.928838951310862,9.981167608286253,18.164794007490638,10.734463276836157,12.734082397003746,1.694915254237288,2.9962546816479403,0.7532956685499058,3.3707865168539324,SPD-GRÜNE,SPD-GRÜNE
13031 Hauptbahnhof,669.0,48.87892376681614,23.824451410658305,19.626168224299064,38.557993730407524,30.529595015576323,4.075235109717868,7.165109034267912,9.404388714733543,10.2803738317757,8.77742946708464,9.657320872274143,13.793103448275861,13.707165109034266,1.5673981191222568,2.4922118380062304,0.0,6.5420560747663545,SPD-GRÜNE,SPD-GRÜNE
13032 Streitberg/Hauptfriedhof,714.0,49.299719887955185,26.512968299711815,27.714285714285715,41.210374639769455,28.000000000000004,5.763688760806916,11.142857142857142,7.204610951008646,7.428571428571429,10.086455331412104,11.142857142857142,6.628242074927954,9.714285714285714,2.0172910662824206,1.4285714285714286,0.5763688760806917,3.428571428571429,SPD-GRÜNE,SPD-GRÜNE
13041 Zuckerberg,786.0,51.526717557251914,40.049751243781095,34.900990099009896,31.592039800995025,18.06930693069307,7.960199004975125,19.306930693069308,7.711442786069651,7.920792079207921,7.213930348258707,10.14851485148515,5.223880597014925,6.435643564356436,0.24875621890547264,1.4851485148514851,0.0,1.7326732673267329,CDU-FDP,CDU-FDP
13051 Bebelhof-West,1014.0,43.49112426035503,20.093457943925234,19.813519813519815,44.1588785046729,36.36363636363637,3.5046728971962615,4.662004662004662,11.214953271028037,10.48951048951049,5.607476635514018,6.993006993006993,14.953271028037381,13.51981351981352,0.46728971962616817,2.564102564102564,0.0,5.594405594405594,SPD-GRÜNE,SPD-GRÜNE
13052 Bebelhof-Ost,1086.0,50.64456721915286,20.810313075506446,16.911764705882355,37.75322283609576,29.22794117647059,4.972375690607735,7.536764705882352,11.41804788213628,11.948529411764707,8.103130755064457,10.294117647058822,14.917127071823206,16.727941176470587,2.0257826887661143,2.941176470588235,0.0,4.411764705882353,SPD-GRÜNE,SPD-GRÜNE
21101 Stöckheim-Nordost,1222.0,56.79214402618658,34.206695778748184,31.4410480349345,42.503639010189225,28.82096069868996,4.2212518195050945,10.625909752547306,9.024745269286754,9.315866084425037,4.9490538573508,10.91703056768559,4.512372634643377,6.986899563318777,0.5822416302765648,0.727802037845706,0.0,1.1644832605531297,SPD-GRÜNE,CDU-FDP
21102 Stöckheim-Südost,1217.0,62.448644207066565,38.06366047745358,34.217506631299734,36.737400530503976,24.6684350132626,5.570291777188329,11.405835543766578,6.631299734748011,7.029177718832891,7.427055702917771,12.20159151193634,5.172413793103448,6.763925729442971,0.2652519893899204,1.7241379310344827,0.1326259946949602,1.989389920424403,SPD-GRÜNE,CDU-FDP
21103 Stöckheim-West,1320.0,60.60606060606061,31.532663316582916,28.67924528301887,43.46733668341709,29.559748427672954,4.1457286432160805,11.320754716981133,8.040201005025125,8.80503144654088,6.281407035175879,10.817610062893083,5.025125628140704,7.547169811320755,1.507537688442211,0.7547169811320755,0.0,2.515723270440252,SPD-GRÜNE,SPD-GRÜNE
21104 Stöckheim-Nordwest,1293.0,61.79427687548337,38.656527249683144,35.05674653215637,38.40304182509506,25.346784363177804,6.844106463878327,13.366960907944513,6.337135614702155,7.566204287515762,6.7173637515842834,12.105926860025221,2.027883396704689,4.539722572509458,1.0139416983523446,0.7566204287515763,0.0,1.2610340479192939,CDU-FDP,CDU-FDP
21111 Leiferde,1507.0,64.8307896483079,32.23480947476828,30.103092783505154,44.18125643666323,33.50515463917525,4.016477857878476,8.45360824742268,8.85684860968074,11.54639175257732,4.737384140061792,6.082474226804123,5.355303810504634,7.010309278350515,0.6179196704428425,1.0309278350515463,0.0,2.268041237113402,SPD-GRÜNE,SPD-GRÜNE
21121 Heidberg-Nordost,1038.0,55.8766859344894,36.0,32.98611111111111,35.30434782608695,27.430555555555557,6.608695652173912,7.465277777777778,10.08695652173913,11.631944444444445,5.043478260869565,7.638888888888889,6.782608695652175,6.944444444444445,0,2.083333333333333,0.17391304347826086,3.8194444444444446,CDU-FDP,CDU-FDP
21122 Am Schulzentrum Heidberg,1075.0,55.25581395348838,25.46689303904924,25.47008547008547,40.91680814940577,34.18803418803419,4.4142614601018675,5.47008547008547,14.60101867572156,13.846153846153847,4.4142614601018675,5.299145299145299,8.31918505942275,10.085470085470085,1.697792869269949,2.051282051282051,0.1697792869269949,3.5897435897435894,SPD-GRÜNE,SPD-GRÜNE
21123 Heidberg-Südost,834.0,55.275779376498804,28.16593886462882,30.176211453744493,40.8296943231441,31.497797356828194,5.676855895196507,7.929515418502203,12.22707423580786,12.77533039647577,6.331877729257641,8.370044052863436,6.11353711790393,6.828193832599119,0.43668122270742354,0.4405286343612335,0.21834061135371177,1.9823788546255507,SPD-GRÜNE,SPD-GRÜNE
21124 Heidberg-Südwest,915.0,55.30054644808743,33.87096774193548,33.199195171026155,41.33064516129033,33.400402414486926,5.040322580645161,7.645875251509055,10.685483870967742,12.072434607645874,2.4193548387096775,3.8229376257545273,6.25,7.44466800804829,0.4032258064516129,0.6036217303822937,0.0,1.8108651911468814,SPD-GRÜNE,CDU-FDP
21125 Heidberg-Zentrum,1153.0,48.82914137033825,32.35831809872029,29.744525547445257,37.6599634369287,32.66423357664234,4.93601462522852,6.386861313868613,13.345521023765997,15.145985401459855,5.118829981718465,4.197080291970803,5.484460694698354,6.204379562043796,0.7312614259597806,1.4598540145985401,0.3656307129798903,4.197080291970803,SPD-GRÜNE,SPD-GRÜNE
21126 Heidberg-Nordwest,1176.0,54.67687074829932,28.593996840442337,27.1585557299843,42.022116903633496,36.26373626373626,5.213270142180095,5.965463108320251,10.742496050552923,11.302982731554161,4.423380726698262,6.750392464678178,7.266982622432859,7.6923076923076925,1.4218009478672986,0.9419152276295133,0.315955766192733,3.924646781789639,SPD-GRÜNE,SPD-GRÜNE
21131 Melverode-Südwest,1024.0,55.17578125,37.254901960784316,32.79857397504456,35.47237076648842,21.568627450980394,5.525846702317291,11.051693404634582,7.130124777183601,8.55614973262032,7.66488413547237,13.903743315508022,6.0606060606060606,8.55614973262032,0.7130124777183601,1.4260249554367201,0.17825311942959002,2.13903743315508,SPD-GRÜNE,CDU-FDP
21132 Melverode-Nord,958.0,56.9937369519833,26.666666666666668,24.444444444444443,45.18518518518518,35.74074074074074,3.888888888888889,6.666666666666667,11.481481481481481,11.481481481481481,5.0,6.851851851851852,7.592592592592593,10.555555555555555,0.1851851851851852,1.8518518518518516,0.0,2.4074074074074074,SPD-GRÜNE,SPD-GRÜNE
21133 Melverode-Südost,1005.0,60.69651741293532,30.909090909090907,27.52902155887231,38.84297520661157,29.35323383084577,4.958677685950414,10.281923714759536,12.066115702479339,12.603648424543948,4.793388429752066,7.462686567164178,6.446280991735537,8.955223880597014,1.8181818181818181,0.8291873963515755,0.1652892561983471,2.9850746268656714,SPD-GRÜNE,CDU-FDP
21201 Mastbruch-Siedlung,287.0,50.87108013937283,35.61643835616438,35.61643835616438,42.465753424657535,30.82191780821918,4.794520547945205,9.58904109589041,5.47945205479452,6.164383561643835,6.8493150684931505,10.273972602739725,4.10958904109589,5.47945205479452,0.684931506849315,0.684931506849315,0.0,1.36986301369863,SPD-GRÜNE,CDU-FDP
21211 Rautheim-West,1341.0,56.89783743475019,26.329787234042552,25.19788918205805,41.755319148936174,32.0580474934037,4.388297872340425,7.783641160949868,11.96808510638298,12.401055408970976,8.111702127659575,8.179419525065963,5.718085106382978,8.047493403693931,1.7287234042553192,1.58311345646438,0.0,4.749340369393139,SPD-GRÜNE,SPD-GRÜNE
21212 Rautheim-Ost,1444.0,58.933518005540165,28.23250296559905,24.644549763033176,42.94187425860024,29.739336492890995,4.863582443653618,9.24170616113744,8.896797153024911,8.649289099526067,8.066429418742587,14.928909952606634,6.049822064056939,7.938388625592417,0.7117437722419928,1.1848341232227488,0.2372479240806643,3.672985781990521,SPD-GRÜNE,SPD-GRÜNE
21221 Lindenberg-West,1005.0,58.507462686567166,24.871355060034304,23.883161512027492,40.480274442538594,33.67697594501718,5.145797598627787,7.0446735395189,13.893653516295027,12.371134020618557,4.631217838765009,6.701030927835052,9.605488850771868,11.168384879725087,1.2006861063464835,1.0309278350515463,0.17152658662092624,4.123711340206185,SPD-GRÜNE,SPD-GRÜNE
21222 Lindenberg-Ost,933.0,65.4876741693462,39.17355371900826,33.16912972085386,33.057851239669425,18.88341543513957,6.9421487603305785,15.270935960591133,7.107438016528926,9.195402298850574,7.107438016528926,10.344827586206897,5.289256198347108,8.374384236453201,0.8264462809917356,1.1494252873563218,0.49586776859504134,3.6124794745484397,CDU-FDP,CDU-FDP
21231 Südstadt-Ost,1230.0,62.19512195121951,30.250990752972257,30.446194225721783,42.00792602377807,29.396325459317584,4.887714663143989,9.05511811023622,8.718626155878468,9.84251968503937,6.472919418758257,9.580052493438322,6.340819022457067,7.349081364829396,1.1889035667107,1.574803149606299,0.13210039630118892,2.7559055118110236,SPD-GRÜNE,CDU-FDP
21232 Südstadt-West,1025.0,60.09756097560975,25.040916530278235,24.267100977198698,47.62684124386252,33.71335504885993,4.25531914893617,7.491856677524431,7.528641571194762,7.81758957654723,7.037643207855974,11.237785016286644,7.3649754500818325,10.586319218241043,0.9819967266775778,1.4657980456026058,0.16366612111292964,3.420195439739414,SPD-GRÜNE,SPD-GRÜNE
21241 Mascherode-Mitte,984.0,56.605691056910565,42.83121597096189,35.98553345388788,33.756805807622506,21.15732368896926,5.081669691470054,11.934900542495479,6.896551724137931,7.59493670886076,4.537205081669692,12.296564195298371,5.626134301270418,7.775768535262206,1.2704174228675136,0.5424954792043399,0.0,2.7124773960216997,CDU-FDP,CDU-FDP
21242 Mascherode-Süd,1013.0,61.40177690029615,37.2168284789644,36.187399030694664,40.45307443365696,27.140549273021,5.825242718446602,11.631663974151857,4.692556634304207,5.654281098546042,5.6634304207119746,10.177705977382875,4.53074433656958,5.654281098546042,1.2944983818770228,0.9693053311793215,0.3236245954692557,2.5848142164781907,SPD-GRÜNE,CDU-FDP
21243 Mascherode-Nordwest,1101.0,56.49409627611263,37.802907915993536,33.87096774193548,40.54927302100161,25.161290322580644,4.361873990306947,12.258064516129032,6.30048465266559,7.580645161290322,5.977382875605816,12.741935483870966,4.523424878836833,5.64516129032258,0.48465266558966075,0.6451612903225806,0.0,2.0967741935483875,SPD-GRÜNE,CDU-FDP
22101 Rheinring-Ost,1285.0,49.10505836575875,31.290322580645164,30.32258064516129,38.54838709677419,32.903225806451616,5.161290322580645,5.161290322580645,10.806451612903226,12.096774193548388,3.5483870967741935,6.129032258064516,8.870967741935484,10.161290322580644,1.7741935483870968,0.8064516129032258,0.0,2.4193548387096775,SPD-GRÜNE,SPD-GRÜNE
22102 Emsstraße-West,1114.0,46.319569120287255,30.237154150197625,32.07920792079208,36.16600790513834,30.89108910891089,2.766798418972332,3.1683168316831685,18.972332015810274,19.801980198019802,3.9525691699604746,3.3663366336633667,6.324110671936759,6.336633663366337,1.383399209486166,1.188118811881188,0.1976284584980237,3.1683168316831685,SPD-GRÜNE,CDU-FDP
22103 Elbestraße-Ost,1239.0,38.4180790960452,24.364406779661017,23.126338329764454,41.313559322033896,36.402569593147746,4.23728813559322,4.068522483940043,15.677966101694915,14.775160599571734,4.025423728813559,4.710920770877944,9.533898305084746,11.991434689507495,0.423728813559322,1.070663811563169,0.423728813559322,3.854389721627409,SPD-GRÜNE,SPD-GRÜNE
22104 Rheinring-Südwest,1207.0,50.3728251864126,32.5542570951586,33.33333333333333,41.56928213689483,33.0,5.509181969949917,8.0,9.84974958263773,10.666666666666668,4.340567612687813,6.666666666666667,4.841402337228715,6.166666666666667,1.335559265442404,0.0,0.0,2.166666666666667,SPD-GRÜNE,CDU-FDP
22105 Rheinring-Nordwest,1169.0,59.024807527801535,37.75811209439528,33.82352941176471,38.200589970501476,32.05882352941177,2.949852507374631,6.176470588235294,9.882005899705016,11.617647058823529,1.9174041297935103,4.5588235294117645,7.964601769911504,8.823529411764707,1.3274336283185841,0.4411764705882353,0.0,2.5,CDU-FDP,CDU-FDP
22111 Elbestraße-Süd,1135.0,43.52422907488987,22.66112266112266,21.94616977225673,39.70893970893971,32.91925465838509,3.9501039501039505,5.797101449275362,16.424116424116423,16.149068322981368,3.118503118503119,4.554865424430641,12.266112266112266,12.836438923395447,1.4553014553014554,1.0351966873706004,0.4158004158004158,4.761904761904762,SPD-GRÜNE,SPD-GRÜNE
22112 Saalestraße,1322.0,46.14220877458396,30.084033613445378,28.25719120135364,34.11764705882353,29.780033840947546,4.873949579831933,6.598984771573605,16.974789915966387,16.07445008460237,3.697478991596639,3.3840947546531304,8.907563025210084,10.321489001692047,1.1764705882352942,1.1844331641285957,0.16806722689075632,4.39932318104907,SPD-GRÜNE,CDU-FDP
22113 Ilmenaustraße,1312.0,52.13414634146341,28.424153166421206,27.728613569321535,39.91163475699558,32.448377581120944,4.270986745213549,6.1946902654867255,15.758468335787922,15.781710914454278,3.6818851251840945,4.71976401179941,7.216494845360824,9.882005899705016,0.29455081001472755,0.8849557522123894,0.4418262150220913,2.359882005899705,SPD-GRÜNE,SPD-GRÜNE
22114 Weserstraße,1248.0,53.92628205128205,27.121212121212125,25.226586102719033,43.93939393939394,35.80060422960725,3.787878787878788,6.797583081570997,16.666666666666664,18.12688821752266,3.4848484848484853,4.380664652567976,4.242424242424243,6.495468277945619,0.7575757575757576,0.906344410876133,0.0,2.2658610271903323,SPD-GRÜNE,SPD-GRÜNE
22115 Isarstraße,1134.0,50.70546737213404,26.287744227353464,23.44582593250444,39.96447602131439,32.859680284191825,5.683836589698046,6.74955595026643,15.808170515097691,17.2291296625222,3.197158081705151,6.216696269982238,7.992895204262878,9.41385435168739,1.0657193605683837,0.8880994671403196,0.0,3.197158081705151,SPD-GRÜNE,SPD-GRÜNE
22116 Lechstraße,1127.0,46.22892635314996,27.34375,25.048923679060664,42.7734375,36.79060665362035,2.9296875,6.262230919765166,16.2109375,15.068493150684931,3.90625,4.305283757338552,6.0546875,8.806262230919765,0.78125,0.3913894324853229,0.0,3.326810176125244,SPD-GRÜNE,SPD-GRÜNE
22121 Münchenstraße-Südost,1189.0,37.342304457527334,22.528735632183906,18.036529680365295,40.0,36.07305936073059,2.9885057471264367,4.10958904109589,17.70114942528736,18.949771689497716,4.3678160919540225,5.93607305936073,11.264367816091953,11.187214611872145,0.6896551724137931,0.91324200913242,0.45977011494252873,4.794520547945205,SPD-GRÜNE,SPD-GRÜNE
22122 Neckarstraße,919.0,43.09031556039173,26.410256410256412,27.648578811369507,42.56410256410256,35.917312661498705,1.5384615384615385,3.6175710594315245,13.58974358974359,12.919896640826872,4.358974358974359,4.3927648578811365,10.0,11.627906976744185,0.5128205128205128,0.2583979328165375,1.0256410256410255,3.6175710594315245,SPD-GRÜNE,SPD-GRÜNE
22123 Lahnstraße,1134.0,39.682539682539684,22.93577981651376,20.181405895691608,41.284403669724774,34.467120181405896,3.669724770642202,4.308390022675737,18.34862385321101,18.140589569160998,4.128440366972478,4.988662131519274,8.715596330275229,10.884353741496598,0.6880733944954129,2.2675736961451247,0.22935779816513763,4.761904761904762,SPD-GRÜNE,SPD-GRÜNE
22201 Timmerlah-West,844.0,60.308056872037916,32.80318091451292,31.944444444444443,41.5506958250497,32.93650793650794,3.7773359840954273,7.142857142857142,8.946322067594433,9.325396825396826,5.168986083499006,8.531746031746032,6.163021868787276,6.746031746031746,1.5904572564612325,1.5873015873015872,0.0,1.7857142857142856,SPD-GRÜNE,SPD-GRÜNE
22202 Timmerlah-Ost,911.0,66.30076838638858,31.719532554257096,30.116472545757073,40.06677796327212,27.287853577371045,4.674457429048414,9.650582362728786,12.353923205342237,12.645590682196339,3.8397328881469113,8.985024958402663,5.342237061769616,7.653910149750416,1.669449081803005,1.1647254575707155,0.333889816360601,2.4958402662229617,SPD-GRÜNE,CDU-FDP
22211 Stiddien,175.0,75.42857142857143,46.92307692307692,44.696969696969695,30.76923076923077,24.242424242424242,2.307692307692308,6.0606060606060606,5.384615384615385,5.303030303030303,3.8461538461538463,8.333333333333332,4.615384615384616,6.0606060606060606,6.153846153846154,1.5151515151515151,0.0,3.787878787878788,CDU-FDP,CDU-FDP
22221 Geitelde,925.0,64.0,42.71186440677966,41.0472972972973,35.76271186440678,25.506756756756754,4.067796610169491,9.966216216216216,6.271186440677965,6.587837837837837,2.8813559322033897,6.081081081081082,5.423728813559322,7.263513513513513,2.5423728813559325,1.3513513513513513,0.3389830508474576,2.195945945945946,CDU-FDP,CDU-FDP
22231 Broitzem-Nordwest,1282.0,55.77223088923557,32.42467718794835,30.32904148783977,38.88091822094692,29.0414878397711,4.591104734576758,6.580829756795422,12.338593974175035,12.446351931330472,4.304160688665711,8.44062947067239,6.169296987087518,9.298998569384835,1.291248206599713,0.5722460658082975,0.0,3.290414878397711,SPD-GRÜNE,SPD-GRÜNE
22232 Broitzem-Südwest,1276.0,64.34169278996865,35.872235872235876,33.82533825338253,34.52088452088452,26.814268142681424,3.6855036855036856,7.2570725707257075,14.619164619164618,16.359163591635916,5.159705159705159,7.2570725707257075,4.791154791154791,5.166051660516605,1.2285012285012284,0.8610086100861009,0.12285012285012285,2.4600246002460024,SPD-GRÜNE,CDU-FDP
22233 Broitzem-Südost,976.0,60.34836065573771,35.09369676320272,35.945485519591145,40.20442930153322,29.131175468483818,4.940374787052811,7.155025553662692,7.155025553662692,8.517887563884157,6.132879045996593,10.732538330494037,4.940374787052811,5.792163543441227,1.362862010221465,1.362862010221465,0.17035775127768313,1.362862010221465,SPD-GRÜNE,CDU-FDP
22234 Broitzem-Nordost,1131.0,58.709106984969054,32.41167434715822,29.923664122137406,37.634408602150536,27.175572519083968,6.1443932411674345,9.465648854961833,12.442396313364055,13.740458015267176,5.376344086021505,9.618320610687023,5.22273425499232,7.786259541984733,0.7680491551459293,0.6106870229007634,0.0,1.6793893129770994,SPD-GRÜNE,CDU-FDP
22241 Rüningen-Nord,1122.0,55.258467023172905,29.72536348949919,26.61290322580645,41.033925686591274,31.61290322580645,3.715670436187399,8.064516129032258,12.439418416801292,12.741935483870966,5.008077544426494,7.096774193548387,7.592891760904685,8.225806451612904,0.32310177705977383,0.6451612903225806,0.16155088852988692,5.0,SPD-GRÜNE,SPD-GRÜNE
22242 Rüningen-Süd,1180.0,53.050847457627114,25.76985413290113,23.3387358184765,42.94975688816856,36.14262560777958,5.9967585089141,6.3209076175040515,12.155591572123177,13.290113452188008,2.755267423014587,6.3209076175040515,9.238249594813615,9.562398703403566,0.8103727714748784,1.2965964343598055,0.3241491085899514,3.727714748784441,SPD-GRÜNE,SPD-GRÜNE
31001 Eichtal,1377.0,41.830065359477125,22.727272727272727,19.93006993006993,35.83916083916084,25.34965034965035,6.993006993006993,10.48951048951049,8.741258741258742,8.566433566433567,9.615384615384617,12.762237762237763,13.81118881118881,13.286713286713287,2.097902097902098,4.545454545454546,0.17482517482517482,5.06993006993007,SPD-GRÜNE,SPD-GRÜNE
31002 Am Weißen Roß,1591.0,44.123192960402264,25.179856115107913,23.52941176470588,34.67625899280576,24.2467718794835,6.906474820143885,9.469153515064562,6.762589928057554,7.4605451936872305,10.503597122302159,11.76470588235294,12.661870503597122,14.921090387374461,2.446043165467626,5.0215208034433285,0.8633093525179856,3.5868005738880915,SPD-GRÜNE,SPD-GRÜNE
31003 Celler Straße-Nordwest,1042.0,45.297504798464495,28.085106382978726,25.79957356076759,38.297872340425535,28.57142857142857,4.8936170212765955,8.955223880597014,9.148936170212766,10.021321961620469,7.234042553191489,8.102345415778252,10.851063829787234,13.219616204690832,0.851063829787234,1.7057569296375266,0.6382978723404255,3.624733475479744,SPD-GRÜNE,SPD-GRÜNE
31004 Rudolfplatz-Nord,,,,,,,,,,,,,,,,,,,,
31011 Am Maschplatz,1213.0,45.09480626545754,27.941176470588236,24.816176470588236,37.13235294117647,20.40441176470588,6.0661764705882355,12.132352941176471,7.536764705882352,7.536764705882352,9.558823529411764,17.830882352941178,9.191176470588236,12.316176470588236,2.5735294117647056,2.5735294117647056,0.0,2.389705882352941,SPD-GRÜNE,SPD-GRÜNE
31012 Am Amalienplatz,1305.0,52.10727969348659,26.923076923076923,23.97058823529412,35.50295857988166,23.676470588235293,5.473372781065089,10.588235294117647,6.804733727810651,7.352941176470589,9.763313609467456,12.794117647058822,13.905325443786982,15.735294117647058,1.4792899408284024,3.6764705882352944,0.14792899408284024,2.2058823529411766,SPD-GRÜNE,SPD-GRÜNE
31013 Rudolfplatz-Ost,1160.0,49.56896551724138,25.704225352112676,22.377622377622377,39.96478873239437,26.923076923076923,3.697183098591549,6.643356643356643,7.746478873239436,8.741258741258742,7.21830985915493,12.237762237762238,12.5,13.111888111888112,2.640845070422535,5.944055944055944,0.528169014084507,4.020979020979021,SPD-GRÜNE,SPD-GRÜNE
31014 Rennelberg,1183.0,41.166525781910394,22.016460905349795,19.79381443298969,33.33333333333333,22.88659793814433,6.995884773662551,9.690721649484537,8.847736625514404,8.45360824742268,11.934156378600823,14.845360824742269,13.580246913580247,16.288659793814432,2.05761316872428,2.6804123711340204,1.2345679012345678,5.360824742268041,SPD-GRÜNE,SPD-GRÜNE
31015 Holwedestraße,1304.0,51.99386503067485,25.449101796407188,22.83582089552239,35.32934131736527,21.791044776119403,6.287425149700598,9.850746268656717,6.137724550898203,6.567164179104477,11.22754491017964,14.776119402985074,12.574850299401197,15.223880597014924,2.844311377245509,4.179104477611941,0.14970059880239522,4.776119402985075,SPD-GRÜNE,SPD-GRÜNE
31016 Sackring-Ost,1259.0,50.75456711675933,21.78060413354531,19.26751592356688,38.63275039745628,30.254777070063692,6.359300476947535,8.280254777070063,5.5643879173290935,5.573248407643312,8.585055643879173,11.624203821656051,15.89825119236884,16.560509554140125,2.5437201907790143,4.45859872611465,0.6359300476947536,3.9808917197452227,SPD-GRÜNE,SPD-GRÜNE
31021 Rudolfplatz-West,1417.0,55.18701482004234,28.516129032258064,28.000000000000004,39.35483870967742,28.516129032258064,6.193548387096774,8.774193548387096,10.193548387096774,11.096774193548386,7.096774193548387,10.580645161290322,7.225806451612904,7.741935483870968,0.903225806451613,1.935483870967742,0.5161290322580645,3.354838709677419,SPD-GRÜNE,SPD-GRÜNE
31022 Sackring-West,1345.0,51.74721189591078,29.190751445086704,26.262626262626267,38.15028901734104,24.81962481962482,5.057803468208093,9.812409812409813,9.104046242774565,10.533910533910534,6.213872832369942,11.255411255411255,11.127167630057803,14.14141414141414,1.0115606936416186,1.0101010101010102,0.1445086705202312,2.1645021645021645,SPD-GRÜNE,Patt
31031 Altstadtring-Nord,1132.0,42.49116607773852,28.81002087682672,22.916666666666664,35.49060542797495,22.916666666666664,6.8893528183716075,13.958333333333334,6.471816283924843,6.458333333333334,8.768267223382047,13.958333333333334,12.31732776617954,13.750000000000002,1.2526096033402923,3.3333333333333335,0.0,2.7083333333333335,SPD-GRÜNE,Patt
31032 Altstadtring-Süd,1274.0,50.0,21.187800963081862,19.01743264659271,42.857142857142854,29.318541996830426,3.3707865168539324,6.180665610142631,7.54414125200642,7.923930269413629,11.717495987158909,14.580031695721077,10.914927768860354,12.678288431061807,1.7656500802568218,4.595879556259905,0.6420545746388443,5.705229793977813,SPD-GRÜNE,SPD-GRÜNE
31033 Altstadtring-West,1055.0,52.03791469194313,27.02205882352941,23.897058823529413,34.92647058823529,23.713235294117645,5.88235294117647,8.63970588235294,7.536764705882352,7.904411764705882,9.742647058823529,14.88970588235294,12.5,14.338235294117647,2.0220588235294117,3.860294117647059,0.3676470588235294,2.7573529411764706,SPD-GRÜNE,SPD-GRÜNE
31034 Am Großmarkt,1149.0,47.4325500435161,22.01492537313433,20.037105751391465,38.059701492537314,27.27272727272727,5.223880597014925,9.090909090909092,13.432835820895523,14.285714285714285,8.582089552238806,11.317254174397032,11.007462686567164,11.317254174397032,1.4925373134328357,1.4842300556586272,0.18656716417910446,5.194805194805195,SPD-GRÜNE,SPD-GRÜNE
31041 Westbahnhof,1159.0,49.35289042277826,21.908127208480565,19.929453262786595,35.3356890459364,22.75132275132275,5.123674911660777,8.994708994708994,8.12720848056537,7.231040564373897,9.717314487632509,11.816578483245149,17.84452296819788,19.929453262786595,1.2367491166077738,4.056437389770723,0.7067137809187279,5.291005291005291,SPD-GRÜNE,SPD-GRÜNE
31042 Cyriaksring-Ost,1160.0,56.29310344827586,19.59564541213064,17.956656346749224,41.835147744945566,26.93498452012384,3.421461897356143,8.04953560371517,8.709175738724728,8.513931888544892,9.020217729393467,15.325077399380804,14.774494556765164,15.634674922600619,1.8662519440124419,3.2507739938080498,0.7776049766718507,4.3343653250774,SPD-GRÜNE,SPD-GRÜNE
31043 Juliusstraße-Ost,1536.0,48.56770833333333,23.097826086956523,20.861372812920592,36.41304347826087,23.283983849259755,5.570652173913043,9.825033647375504,7.880434782608696,7.94078061911171,10.597826086956522,16.28532974427995,13.722826086956522,14.535666218034994,2.1739130434782608,2.826379542395693,0.5434782608695652,4.441453566621804,SPD-GRÜNE,SPD-GRÜNE
31044 Frankfurter Straße-Ost,1186.0,49.0725126475548,21.465968586387437,18.890814558058924,33.33333333333333,24.090121317157713,3.664921465968586,7.279029462738301,11.169284467713787,12.305025996533796,8.900523560209423,9.532062391681109,18.32460732984293,18.717504332755635,2.6178010471204187,3.9861351819757362,0.5235602094240838,5.1993067590987865,SPD-GRÜNE,SPD-GRÜNE
31045 Frankfurter Straße-West,954.0,44.0251572327044,15.66265060240964,11.510791366906476,30.843373493975907,21.58273381294964,5.542168674698795,9.59232613908873,9.879518072289157,9.59232613908873,13.734939759036143,15.107913669064748,21.44578313253012,18.705035971223023,1.6867469879518073,7.673860911270983,1.2048192771084338,6.235011990407674,SPD-GRÜNE,SPD-GRÜNE
31051 Gartenstadt-Ost,749.0,62.616822429906534,31.97424892703863,31.397849462365592,43.776824034334766,33.97849462365591,3.2188841201716736,5.376344086021505,5.579399141630901,6.881720430107527,6.866952789699571,11.612903225806452,6.866952789699571,6.881720430107527,1.7167381974248928,1.0752688172043012,0.0,2.795698924731183,SPD-GRÜNE,SPD-GRÜNE
31052 Gartenstadt-West,728.0,55.494505494505496,25.5050505050505,25.31328320802005,37.37373737373738,26.81704260651629,3.535353535353535,7.769423558897243,13.383838383838384,14.035087719298245,9.090909090909092,9.523809523809524,9.595959595959595,9.523809523809524,1.5151515151515151,1.2531328320802004,0.0,5.764411027568922,SPD-GRÜNE,SPD-GRÜNE
32101 Kanzlerfeld-West,878.0,60.02277904328018,41.14285714285714,35.294117647058826,38.666666666666664,27.514231499051235,5.904761904761905,14.041745730550284,5.714285714285714,7.969639468690702,5.333333333333334,8.72865275142315,2.4761904761904763,4.554079696394687,0.7619047619047619,0.5692599620493358,0.0,1.3282732447817838,CDU-FDP,CDU-FDP
32102 Kanzlerfeld-Südwest,1055.0,63.88625592417062,35.48872180451128,32.634730538922156,42.70676691729323,27.54491017964072,4.962406015037594,11.526946107784433,5.864661654135339,8.233532934131736,6.165413533834586,10.928143712574851,3.909774436090226,6.58682634730539,0.7518796992481203,0.7485029940119761,0.15037593984962408,1.7964071856287425,SPD-GRÜNE,CDU-FDP
32103 Kanzlerfeld-Ost,1271.0,61.29032258064516,43.04123711340206,39.25353925353925,33.891752577319586,19.047619047619047,6.829896907216495,14.414414414414415,5.798969072164948,6.82110682110682,6.314432989690721,12.612612612612612,2.8350515463917527,5.7915057915057915,1.2886597938144329,0.5148005148005148,0.0,1.5444015444015444,CDU-FDP,CDU-FDP
32111 Horstbleek,1173.0,55.669224211423696,29.166666666666668,25.617283950617285,43.82716049382716,30.555555555555557,4.938271604938271,8.641975308641975,4.320987654320987,5.092592592592593,8.333333333333332,14.19753086419753,8.024691358024691,11.265432098765432,0.9259259259259258,1.8518518518518516,0.4629629629629629,2.7777777777777777,SPD-GRÜNE,SPD-GRÜNE
32112 Lehndorf-Siedlung-Nord,1320.0,53.1060606060606,28.57142857142857,26.945244956772335,41.99134199134199,29.53890489913545,6.493506493506493,7.92507204610951,6.782106782106783,7.636887608069164,8.080808080808081,13.976945244956774,6.204906204906205,7.780979827089338,1.7316017316017316,1.440922190201729,0.1443001443001443,4.755043227665706,SPD-GRÜNE,SPD-GRÜNE
32113 Lehndorf-Alt,1082.0,53.51201478743069,31.403508771929822,28.846153846153843,38.59649122807017,26.923076923076923,6.140350877192982,10.664335664335663,8.421052631578947,10.48951048951049,5.43859649122807,7.8671328671328675,9.298245614035087,9.965034965034965,0.7017543859649122,2.6223776223776225,0.0,2.6223776223776225,SPD-GRÜNE,CDU-FDP
32114 Lehndorf-Mitte,1121.0,50.22301516503123,24.733096085409255,24.642857142857146,44.48398576512456,30.357142857142854,4.804270462633451,7.142857142857142,9.786476868327403,10.892857142857142,7.295373665480427,13.392857142857142,6.761565836298933,8.571428571428571,1.601423487544484,1.9642857142857142,0.5338078291814947,3.0357142857142856,SPD-GRÜNE,SPD-GRÜNE
32115 Lehndorf-Siedlung-Süd,1045.0,60.47846889952153,24.561403508771928,25.477707006369428,45.933014354066984,31.050955414012737,5.263157894736842,10.828025477707007,9.250398724082935,8.598726114649681,7.974481658692185,13.375796178343949,5.263157894736842,7.165605095541401,1.2759170653907497,1.1146496815286624,0.4784688995215311,2.388535031847134,SPD-GRÜNE,SPD-GRÜNE
32121 Lamme-Nord,1146.0,63.961605584642236,35.43956043956044,34.33652530779754,34.75274725274725,23.666210670314637,7.0054945054945055,10.6703146374829,9.478021978021978,11.354309165526676,5.769230769230769,8.618331053351573,6.181318681318682,6.703146374829001,1.2362637362637363,0.957592339261286,0.13736263736263737,3.6935704514363885,CDU-FDP,CDU-FDP
32122 Lamme-Süd,1272.0,63.757861635220124,37.63975155279503,34.5679012345679,34.037267080745345,21.728395061728396,4.22360248447205,9.382716049382717,10.559006211180124,11.358024691358025,6.70807453416149,10.617283950617285,5.217391304347826,7.654320987654321,1.4906832298136645,1.4814814814814816,0.12422360248447205,3.2098765432098766,CDU-FDP,CDU-FDP
32123 Lamme-Ost,868.0,68.20276497695853,33.50515463917525,31.63265306122449,32.98969072164948,20.238095238095237,6.529209621993128,10.884353741496598,12.886597938144329,13.435374149659864,6.185567010309279,9.35374149659864,6.185567010309279,8.333333333333332,1.718213058419244,0.3401360544217687,0.0,5.782312925170068,CDU-FDP,CDU-FDP
32131 Völkenrode,1369.0,62.600438276113955,36.00944510035419,32.708089097303635,40.023612750885476,26.963657678780773,5.312868949232586,10.668229777256741,7.43801652892562,8.32356389214537,5.194805194805195,9.847596717467761,4.368358913813459,6.799531066822978,1.6528925619834711,1.6412661195779603,0.0,3.048065650644783,SPD-GRÜNE,CDU-FDP
32141 Watenbüttel-Nordost,1173.0,58.99403239556692,37.93604651162791,33.86861313868613,34.883720930232556,28.175182481751825,6.831395348837209,10.218978102189782,7.994186046511628,9.48905109489051,4.505813953488372,6.423357664233577,5.6686046511627906,7.445255474452554,1.744186046511628,1.897810218978102,0.436046511627907,2.4817518248175183,CDU-FDP,CDU-FDP
32142 Watenbüttel-Südwest,959.0,62.77372262773723,31.879194630872483,31.61397670549085,39.93288590604027,29.950083194675543,4.865771812080537,9.484193011647255,8.221476510067115,7.154742096505824,6.0402684563758395,9.151414309484194,7.38255033557047,8.985024958402663,1.342281879194631,0.9983361064891847,0.33557046979865773,2.6622296173044924,SPD-GRÜNE,CDU-FDP
32151 Ölper,1108.0,59.47653429602888,35.944700460829495,28.748068006182383,39.1705069124424,26.42967542503864,4.761904761904762,12.5193199381762,5.837173579109063,5.7187017001545595,6.605222734254992,12.982998454404946,6.29800307219662,9.119010819165378,1.228878648233487,2.009273570324575,0.15360983102918588,2.472952086553323,SPD-GRÜNE,CDU-FDP
32201 Veltenhof-Nord,1144.0,54.45804195804196,32.636655948553056,28.502415458937197,37.459807073954984,33.49436392914654,5.627009646302251,8.695652173913043,10.77170418006431,10.628019323671497,5.466237942122187,6.763285024154589,6.430868167202572,7.568438003220612,1.1254019292604502,0.966183574879227,0.482315112540193,3.3816425120772946,SPD-GRÜNE,SPD-GRÜNE
32202 Veltenhof-Süd,1137.0,59.10290237467019,38.980509745127435,35.17964071856288,35.98200899550225,25.0,5.697151424287856,11.976047904191617,7.946026986506746,9.281437125748502,4.7976011994003,7.48502994011976,5.397301349325337,6.88622754491018,0.8995502248875562,1.0479041916167664,0.29985007496251875,3.143712574850299,CDU-FDP,CDU-FDP
32211 Lincolnsiedlung,1173.0,54.81670929241261,27.386541471048513,25.665101721439747,40.532081377151805,30.359937402190923,6.416275430359937,9.233176838810643,13.458528951486699,13.928012519561817,4.225352112676056,6.729264475743349,6.572769953051644,9.076682316118937,1.2519561815336464,1.5649452269170578,0.1564945226917058,3.4428794992175273,SPD-GRÜNE,SPD-GRÜNE
32212 Vorwerksiedlung,1094.0,53.016453382084094,27.225130890052355,26.223776223776223,37.87085514834206,29.195804195804197,4.537521815008725,6.643356643356643,12.914485165794066,13.81118881118881,5.06108202443281,5.944055944055944,10.296684118673648,10.839160839160838,1.3961605584642234,2.4475524475524475,0.6980802792321117,4.895104895104895,SPD-GRÜNE,SPD-GRÜNE
32221 Harxbüttel,555.0,65.22522522522523,42.93628808864266,35.18005540166205,29.362880886426595,22.99168975069252,6.64819944598338,15.789473684210526,6.9252077562326875,6.64819944598338,6.64819944598338,9.695290858725762,3.32409972299169,6.3711911357340725,3.6011080332409975,1.10803324099723,0.554016620498615,2.21606648199446,CDU-FDP,CDU-FDP
32231 Thune,1335.0,59.02621722846442,34.53145057766367,30.86734693877551,35.68677792041078,28.443877551020407,4.621309370988447,9.438775510204081,9.242618741976894,10.459183673469388,6.93196405648267,9.821428571428571,3.8510911424903727,7.142857142857142,5.134788189987163,0.8928571428571428,0.0,2.933673469387755,SPD-GRÜNE,CDU-FDP
32241 Wenden-Nordwest,1130.0,58.14159292035398,31.90839694656489,29.051987767584098,42.29007633587786,33.63914373088685,5.038167938931298,10.397553516819572,9.16030534351145,9.174311926605505,3.969465648854962,5.963302752293578,5.801526717557252,6.269113149847094,1.3740458015267176,1.3761467889908259,0.45801526717557256,4.128440366972478,SPD-GRÜNE,SPD-GRÜNE
32242 Wenden-Ost,995.0,55.97989949748744,33.87387387387387,33.81294964028777,36.93693693693694,27.51798561151079,6.126126126126126,10.431654676258994,8.288288288288289,7.553956834532374,7.027027027027027,9.172661870503598,5.9459459459459465,5.935251798561151,1.6216216216216217,1.9784172661870503,0.18018018018018017,3.597122302158273,SPD-GRÜNE,CDU-FDP
32243 Wenden-Südwest,1037.0,57.56991321118612,31.069609507640067,28.187919463087248,37.86078098471987,29.194630872483224,4.074702886247878,7.046979865771812,12.563667232597622,12.751677852348994,4.753820033955857,7.885906040268456,8.828522920203735,9.899328859060402,0.6791171477079796,0.6711409395973155,0.1697792869269949,4.3624161073825505,SPD-GRÜNE,SPD-GRÜNE
33001 Schwarzer Berg-Süd,927.0,53.5059331175836,27.36625514403292,23.565573770491806,45.267489711934154,34.42622950819672,4.732510288065844,9.836065573770492,8.436213991769549,8.19672131147541,6.378600823045268,9.836065573770492,5.967078189300412,7.786885245901639,1.646090534979424,3.0737704918032787,0.205761316872428,3.278688524590164,SPD-GRÜNE,SPD-GRÜNE
33002 Schwarzer Berg-Mitte,1029.0,53.2555879494655,32.720588235294116,29.908256880733948,38.05147058823529,28.256880733944957,6.8014705882352935,12.110091743119266,9.558823529411764,9.174311926605505,5.147058823529411,8.623853211009175,6.25,6.422018348623854,1.4705882352941175,2.2018348623853212,0.0,3.302752293577982,SPD-GRÜNE,CDU-FDP
33003 Schwarzer Berg-West,941.0,54.83528161530287,35.61643835616438,32.68482490272373,41.68297455968688,35.019455252918284,5.6751467710371815,8.365758754863812,9.001956947162427,10.700389105058365,3.522504892367906,4.474708171206226,3.522504892367906,5.252918287937743,0.9784735812133072,1.1673151750972763,0.0,2.3346303501945527,SPD-GRÜNE,CDU-FDP
33004 Schwarzer Berg-Nordwest,803.0,44.707347447073474,28.49002849002849,23.79603399433428,39.31623931623932,30.31161473087819,4.5584045584045585,8.498583569405099,15.669515669515668,17.280453257790366,4.273504273504273,4.2492917847025495,6.837606837606838,10.48158640226629,0.5698005698005698,1.69971671388102,0.2849002849002849,3.6827195467422094,SPD-GRÜNE,SPD-GRÜNE
33011 Siegfriedviertel-Nord,1081.0,54.85661424606846,20.17241379310345,18.56899488926746,40.689655172413794,28.620102214650768,4.655172413793104,9.369676320272573,8.620689655172415,8.858603066439523,9.137931034482758,12.265758091993186,12.758620689655173,13.62862010221465,2.7586206896551726,3.747870528109029,1.206896551724138,4.940374787052811,SPD-GRÜNE,SPD-GRÜNE
33012 Siegfriedviertel-Nordost,975.0,44.30769230769231,19.39252336448598,18.735362997658083,47.89719626168225,38.40749414519906,3.5046728971962615,7.494145199063232,9.11214953271028,10.070257611241217,7.009345794392523,7.494145199063232,10.046728971962617,12.646370023419204,2.803738317757009,1.873536299765808,0.23364485981308408,3.278688524590164,SPD-GRÜNE,SPD-GRÜNE
33013 Siegfriedviertel-Südost,878.0,41.68564920273349,20.833333333333336,19.28374655647383,45.83333333333333,32.5068870523416,2.7777777777777777,6.6115702479338845,10.833333333333334,9.641873278236915,8.055555555555555,11.84573002754821,10.833333333333334,12.947658402203857,0.5555555555555556,2.479338842975207,0.2777777777777778,4.683195592286501,SPD-GRÜNE,SPD-GRÜNE
33014 Siegfriedviertel-Mitte,1139.0,46.97102721685689,22.011385199240987,18.867924528301888,39.27893738140417,29.433962264150942,4.743833017077799,7.547169811320755,10.62618595825427,11.50943396226415,8.538899430740038,9.056603773584905,11.57495256166983,14.528301886792452,2.4667931688804554,2.2641509433962264,0.7590132827324478,6.7924528301886795,SPD-GRÜNE,SPD-GRÜNE
33015 Siegfriedviertel-Südwest,882.0,48.86621315192744,23.51543942992874,23.58490566037736,40.142517814726844,27.594339622641513,7.1258907363420425,8.962264150943396,11.63895486935867,12.735849056603774,6.413301662707839,8.962264150943396,8.788598574821853,10.377358490566039,2.137767220902613,1.8867924528301887,0.23752969121140144,5.89622641509434,SPD-GRÜNE,SPD-GRÜNE
33016 Siegfriedviertel-West,892.0,42.37668161434978,20.588235294117645,20.689655172413794,41.44385026737968,31.03448275862069,5.347593582887701,7.161803713527852,12.834224598930483,12.20159151193634,5.88235294117647,7.6923076923076925,10.695187165775401,10.344827586206897,2.6737967914438503,3.4482758620689653,0.53475935828877,7.427055702917771,SPD-GRÜNE,SPD-GRÜNE
33021 Wendenring-Süd,1346.0,52.52600297176821,23.857142857142858,21.763869132290186,36.285714285714285,20.62588904694168,5.857142857142858,10.526315789473683,5.142857142857142,5.547652916073969,16.857142857142858,22.190611664295876,9.571428571428571,11.379800853485063,2.142857142857143,4.551920341394026,0.2857142857142857,3.4139402560455197,SPD-GRÜNE,SPD-GRÜNE
33022 Wendenring-Nord,1174.0,43.69676320272573,21.34387351778656,16.9921875,38.537549407114625,22.265625,6.324110671936759,10.546875,8.102766798418973,9.375,14.42687747035573,16.796875,9.486166007905137,12.6953125,0.9881422924901186,5.078125,0.7905138339920948,6.25,SPD-GRÜNE,SPD-GRÜNE
33023 Am Nordbahnhof Ludwigstraße,906.0,47.019867549668874,23.22274881516588,20.047169811320757,36.492890995260666,20.5188679245283,6.872037914691943,13.20754716981132,5.687203791469194,5.4245283018867925,7.819905213270142,12.5,16.113744075829384,17.68867924528302,3.080568720379147,5.4245283018867925,0.7109004739336493,5.188679245283019,SPD-GRÜNE,CDU-FDP
33024 Neues Hochschulviertel,1132.0,53.26855123674912,30.82077051926298,28.547579298831387,38.02345058626466,23.53923205342237,4.355108877721943,10.51752921535893,7.872696817420436,8.514190317195327,10.552763819095476,15.191986644407345,6.867671691792294,10.51752921535893,1.1725293132328307,1.669449081803005,0.33500837520938026,1.5025041736227045,SPD-GRÜNE,CDU-FDP
33025 Rebenring-Nord,1122.0,55.3475935828877,25.649350649350648,25.525040387722132,36.688311688311686,22.294022617124394,3.7337662337662336,9.36995153473344,6.493506493506493,6.78513731825525,12.5,16.478190630048463,11.688311688311687,11.470113085621971,2.75974025974026,3.715670436187399,0.487012987012987,4.361873990306947,SPD-GRÜNE,SPD-GRÜNE
33026 Altes Hochschulviertel,1380.0,53.2608695652174,25.581395348837212,21.095890410958905,39.12448700410397,22.876712328767123,5.198358413132695,11.917808219178081,6.976744186046512,7.260273972602739,11.49110807113543,18.767123287671232,9.986320109439124,12.876712328767123,0.8207934336525308,2.8767123287671232,0.8207934336525308,2.328767123287671,SPD-GRÜNE,SPD-GRÜNE
33027 Am Wendenwehr,,,,,,,,,,,,,,,,,,,,
33028 Am Nordbahnhof,,,,,,,,,,,,,,,,,,,,
33029 Bültenweg-Nord,,,,,,,,,,,,,,,,,,,,
33031 Kralenriede-Nordwest,1164.0,52.491408934707906,28.09917355371901,26.611570247933887,44.62809917355372,31.900826446280995,4.297520661157025,6.9421487603305785,11.570247933884298,12.892561983471074,5.785123966942149,10.24793388429752,3.8016528925619832,7.768595041322314,1.487603305785124,0.9917355371900827,0.3305785123966942,2.644628099173554,SPD-GRÜNE,SPD-GRÜNE
33032 Kralenriede-Südost,1340.0,47.53731343283582,25.51505546751189,21.835443037974684,41.20443740095087,30.537974683544306,5.388272583201268,7.59493670886076,10.142630744849445,11.075949367088606,7.290015847860539,10.284810126582279,8.399366085578446,10.759493670886076,1.5847860538827259,2.689873417721519,0.4754358161648178,5.2215189873417724,SPD-GRÜNE,SPD-GRÜNE
33041 Schuntersiedlung-West,614.0,64.82084690553745,18.68686868686869,18.877551020408163,42.42424242424242,30.86734693877551,3.535353535353535,5.357142857142857,9.595959595959595,9.693877551020408,9.848484848484848,13.520408163265307,11.868686868686869,17.346938775510203,4.040404040404041,2.0408163265306123,0.0,2.295918367346939,SPD-GRÜNE,SPD-GRÜNE
33042 Schuntersiedlung-Ost,750.0,63.2,20.042643923240938,20.12847965738758,44.349680170575695,27.40899357601713,2.1321961620469083,5.567451820128479,8.102345415778252,8.779443254817988,9.381663113006397,16.274089935760173,11.513859275053305,15.203426124197003,3.624733475479744,2.569593147751606,0.8528784648187633,4.068522483940043,SPD-GRÜNE,SPD-GRÜNE
Stadt Braunschweig (incl. Briefwahl),192041.0,76.91690836852547,31.3501879057055,29.002366065036107,38.01913221728733,26.38469353661946,5.382302699009225,10.01247809514718,7.773829859924837,8.36509679047028,8.036214554151009,11.792822708769442,7.61530577382986,9.323114477999686,1.5879740348479672,1.839666705305577,0.23505295524427744,3.27976162065227,SPD-GRÜNE,CDU-FDP
Niedersachsen,6124582.0,76.4,38.34879038477843,34.936289750581885,33.59418568352499,27.440899199823715,5.7126837279953016,9.2835641931441,7.974923829373481,9.088964522304398,7.217219447990289,8.711579315236403,5.890945538352609,6.950304886446585, -,0.8872006225123608,1.2612513879848963,2.701197509950542,CDU-FDP,CDU-FDP
Deutschland,61688485.0,76.2,30.245456876501347,26.760237213012815,24.63747759062023,20.507965389251392,7.004235754058316,10.747922434100019,11.462692673780543,12.636897401837649,8.01455670628006,8.939817297858529,8.55070040999478,9.23836299527908, -,0.9767692019682389,10.08487998876472,10.192028066692274,CDU/CSU-FDP,CDU/CSU-FDP
