,Wahlberechtigte,Wahlbeteiligung,SPD (Erststimmen),SPD (Zweitstimmen),CDU (Erststimmen),CDU (Zweitstimmen),GRÜNE (Erststimmen),GRÜNE (Zweitstimmen),FDP (Erststimmen),FDP (Zweitstimmen),AfD (Erststimmen),AfD (Zweitstimmen),DIE LINKE. (Erststimmen),DIE LINKE. (Zweitstimmen),Sonstige (Erststimmen),Sonstige (Zweitstimmen),Stimmenmehrheiten Erststimmen,Stimmenmehrheiten Zweitstimmen,Stärkste Partei Erststimmen,Stärkste Partei Zweitstimmen
11101 Hondelage-Ost,1089,47.842056932966024,43.190661478599225,36.89320388349515,29.571984435797667,27.57281553398058,10.894941634241246,13.980582524271846,2.9182879377431905,5.048543689320388,9.72762645914397,10.679611650485436,2.140077821011673,2.524271844660194,1.556420233463035,3.300970873786408,SPD-GRÜNE,SPD-GRÜNE,SPD,SPD
11102 Hondelage-Mitte/Gewerbegebiet,955,43.35078534031413,44.66019417475729,42.092457420924575,29.126213592233007,26.277372262773724,9.466019417475728,10.46228710462287,1.6990291262135921,2.9197080291970803,8.980582524271846,9.48905109489051,2.1844660194174756,2.9197080291970803,3.8834951456310676,5.839416058394161,SPD-GRÜNE,SPD-GRÜNE,SPD,SPD
11103 Hondelage-West,928,44.935344827586206,41.50485436893204,37.19806763285024,30.097087378640776,28.985507246376812,9.951456310679612,14.251207729468598,3.1553398058252426,4.1062801932367154,9.70873786407767,8.695652173913043,1.4563106796116505,1.4492753623188406,4.12621359223301,5.314009661835748,SPD-GRÜNE,SPD-GRÜNE,SPD,SPD
11111 Dibbesdorf,1146,47.55671902268761,40.03690036900369,37.31617647058824,30.073800738007378,26.10294117647059,14.760147601476014,17.463235294117645,3.3210332103321036,4.227941176470589,6.826568265682657,6.985294117647059,1.4760147601476015,2.0220588235294117,3.505535055350553,5.88235294117647,SPD-GRÜNE,SPD-GRÜNE,SPD,SPD
11121 Volkmarode-Ost,1423,43.64019676739283,36.30470016207455,33.22528363047002,29.983792544570502,23.014586709886547,18.80064829821718,23.3387358184765,4.213938411669368,6.3209076175040515,4.862236628849271,5.834683954619125,2.2690437601296596,2.2690437601296596,3.565640194489465,5.9967585089141,SPD-GRÜNE,SPD-GRÜNE,SPD,SPD
11122 Volkmarode-West,1594,37.39021329987453,36.486486486486484,32.939189189189186,27.027027027027028,23.64864864864865,19.08783783783784,22.12837837837838,5.0675675675675675,6.587837837837837,7.094594594594595,7.601351351351352,1.8581081081081081,2.195945945945946,3.3783783783783785,4.898648648648648,SPD-GRÜNE,SPD-GRÜNE,SPD,SPD
11131 Schapen,1311,47.9023646071701,32.367149758454104,32.102728731942214,35.26570048309179,26.80577849117175,17.713365539452496,20.706260032102726,3.3816425120772946,6.5810593900481535,7.729468599033816,8.025682182985554,0.966183574879227,1.2841091492776886,2.576489533011272,4.49438202247191,SPD-GRÜNE,SPD-GRÜNE,CDU,SPD
11201 Bevenrode,1232,47.07792207792208,35.82608695652174,32.40418118466899,29.391304347826086,24.738675958188153,14.956521739130435,17.59581881533101,3.4782608695652173,5.923344947735192,8.347826086956523,9.581881533101045,3.130434782608696,2.6132404181184667,4.869565217391305,7.142857142857142,SPD-GRÜNE,SPD-GRÜNE,SPD,SPD
11211 Waggum-Ost,1258,39.507154213036564,42.943548387096776,40.2834008097166,23.790322580645164,22.672064777327936,13.104838709677418,15.587044534412955,3.8306451612903225,3.8461538461538463,9.67741935483871,9.919028340080972,1.8145161290322582,2.0242914979757085,4.838709677419355,5.668016194331984,SPD-GRÜNE,SPD-GRÜNE,SPD,SPD
11212 Waggum-West,1276,44.357366771159874,35.46099290780142,36.17021276595745,25,22.69503546099291,17.5531914893617,16.843971631205672,4.609929078014184,4.787234042553192,10.460992907801419,10.638297872340425,3.1914893617021276,3.0141843971631204,3.723404255319149,5.851063829787234,SPD-GRÜNE,SPD-GRÜNE,SPD,SPD
11221 Bienrode,1319,43.51781652767248,36.042402826855124,33.215547703180206,30.918727915194346,27.385159010600706,12.014134275618375,14.840989399293287,3.356890459363958,5.30035335689046,11.837455830388691,12.014134275618375,1.5901060070671376,1.9434628975265018,4.240282685512367,5.30035335689046,SPD-GRÜNE,SPD-GRÜNE,SPD,SPD
11231 Querum-Nord,835,45.26946107784431,32.53333333333333,29.86666666666667,33.06666666666666,30.933333333333334,19.2,20.8,6.4,9.066666666666666,4,3.4666666666666663,0.8,1.3333333333333335,4,4.533333333333333,SPD-GRÜNE,SPD-GRÜNE,CDU,CDU
11232 Querum-Nordost,898,40.200445434298445,29.805013927576603,28.61111111111111,26.740947075208915,22.77777777777778,20.891364902506965,20.27777777777778,8.913649025069638,10,9.47075208913649,10,1.392757660167131,1.3888888888888888,2.785515320334262,6.944444444444445,SPD-GRÜNE,SPD-GRÜNE,SPD,SPD
11241 Querum-Ost,875,43.77142857142857,37.631578947368425,31.6622691292876,25.263157894736842,22.427440633245382,14.210526315789473,19.788918205804748,2.631578947368421,3.95778364116095,13.684210526315791,13.192612137203167,2.368421052631579,2.9023746701846966,4.2105263157894735,6.068601583113456,SPD-GRÜNE,SPD-GRÜNE,SPD,SPD
11242 Querum-Mitte,1238,38.8529886914378,37.735849056603776,35.56485355648535,23.270440251572328,20.711297071129707,17.81970649895178,19.03765690376569,3.7735849056603774,5.439330543933055,7.966457023060797,7.949790794979079,4.612159329140461,3.1380753138075312,4.821802935010482,8.158995815899582,SPD-GRÜNE,SPD-GRÜNE,SPD,SPD
11243 Querum-West,1109,37.51127141568981,37.68115942028986,33.89830508474576,18.115942028985508,16.222760290556902,21.497584541062803,23.24455205811138,1.4492753623188406,1.4527845036319613,11.83574879227053,12.34866828087167,3.864734299516908,4.358353510895883,5.555555555555555,8.47457627118644,SPD-GRÜNE,SPD-GRÜNE,SPD,SPD
11251 Pappelberg,1429,39.25822253324003,41.54676258992806,35.61151079136691,23.201438848920862,21.402877697841728,15.647482014388489,19.784172661870503,2.877697841726619,5.935251798561151,9.172661870503598,8.81294964028777,2.877697841726619,3.237410071942446,4.676258992805756,5.215827338129497,SPD-GRÜNE,SPD-GRÜNE,SPD,SPD
11252 Gliesmarode-Südost,1181,38.187976291278574,31.333333333333336,31.11111111111111,22.88888888888889,19.77777777777778,23.11111111111111,22,4.444444444444445,5.333333333333334,9.11111111111111,9.555555555555555,3.3333333333333335,4,5.777777777777778,8.222222222222223,SPD-GRÜNE,SPD-GRÜNE,SPD,SPD
11253 Gliesmarode-Mitte,1079,37.627432808155696,34.15841584158416,30.864197530864196,23.51485148514851,20.74074074074074,25,26.913580246913583,4.207920792079208,6.666666666666667,6.9306930693069315,7.160493827160494,1.7326732673267329,1.9753086419753085,4.455445544554455,5.679012345679013,SPD-GRÜNE,SPD-GRÜNE,SPD,SPD
11254 Gliesmarode-Nord,1623,37.09180529882933,35.63025210084034,29.86577181208054,23.19327731092437,23.657718120805367,23.865546218487395,26.677852348993287,5.378151260504202,5.704697986577181,4.705882352941177,5.033557046979865,3.0252100840336134,2.684563758389262,4.201680672268908,6.375838926174497,SPD-GRÜNE,SPD-GRÜNE,SPD,SPD
11261 Riddagshausen,416,48.07692307692308,26.13065326633166,29.441624365482234,24.120603015075375,20.812182741116754,33.165829145728644,29.441624365482234,2.0100502512562812,4.060913705583756,5.025125628140704,5.583756345177665,2.512562814070352,3.0456852791878175,7.035175879396985,7.614213197969544,SPD-GRÜNE,SPD-GRÜNE,GRÜNE,SPD
12001 Gliesmaroder Straße-Nordost,1439,34.190410006949264,33.265306122448976,30.67484662576687,13.46938775510204,11.042944785276074,26.73469387755102,28.016359918200408,5.714285714285714,6.748466257668712,8.571428571428571,8.1799591002045,3.877551020408163,4.703476482617587,8.36734693877551,10.633946830265849,SPD-GRÜNE,SPD-GRÜNE,SPD,SPD
12002 Karlstraße-Mitte,1079,38.09082483781279,33.99014778325123,29.411764705882355,11.330049261083744,10.53921568627451,35.714285714285715,38.970588235294116,4.1871921182266005,5.637254901960785,2.70935960591133,2.696078431372549,4.1871921182266005,4.6568627450980395,7.8817733990147785,8.088235294117647,SPD-GRÜNE,SPD-GRÜNE,GRÜNE,GRÜNE
12003 Gliesmaroder Straße-Ost,1145,40.08733624454148,31.648351648351646,27.631578947368425,10.329670329670328,8.114035087719298,37.362637362637365,37.719298245614034,2.417582417582418,4.605263157894736,3.076923076923077,3.508771929824561,5.714285714285714,5.482456140350877,9.45054945054945,12.938596491228072,SPD-GRÜNE,SPD-GRÜNE,GRÜNE,GRÜNE
12004 Malerviertel,1265,41.42292490118577,36.660268714011515,32.69230769230769,16.50671785028791,15.192307692307692,32.82149712092131,35.38461538461539,3.071017274472169,5.384615384615385,2.8790786948176583,3.4615384615384617,3.8387715930902107,3.4615384615384617,4.222648752399232,4.423076923076923,SPD-GRÜNE,SPD-GRÜNE,SPD,GRÜNE
12005 An der Paulikirche,1237,44.62409054163298,35.4014598540146,28.519195612431442,11.861313868613138,11.151736745886655,38.13868613138686,43.69287020109689,2.5547445255474455,3.8391224862888484,2.3722627737226274,2.742230347349177,2.737226277372263,3.473491773308958,6.934306569343065,6.581352833638025,SPD-GRÜNE,SPD-GRÜNE,GRÜNE,GRÜNE
12006 Hagenring,1246,47.8330658105939,31.005110732538334,27.45762711864407,12.776831345826235,12.372881355932204,43.781942078364565,40,2.385008517887564,4.576271186440678,2.8960817717206133,3.898305084745763,2.385008517887564,4.406779661016949,4.770017035775128,7.288135593220339,SPD-GRÜNE,SPD-GRÜNE,GRÜNE,GRÜNE
12011 Humboldtstraße,1218,38.341543513957305,27.8372591006424,22.96137339055794,13.704496788008566,10.72961373390558,36.61670235546038,39.27038626609442,4.282655246252676,5.579399141630901,4.710920770877944,5.579399141630901,5.567451820128479,7.296137339055794,7.28051391862955,8.583690987124463,SPD-GRÜNE,SPD-GRÜNE,GRÜNE,GRÜNE
12012 Kasernenstraße,1292,35.526315789473685,33.11546840958606,28.38427947598253,13.28976034858388,12.445414847161572,37.03703703703704,36.02620087336245,3.7037037037037033,5.458515283842795,3.485838779956427,4.585152838427948,6.1002178649237475,6.550218340611353,3.2679738562091507,6.550218340611353,SPD-GRÜNE,SPD-GRÜNE,GRÜNE,GRÜNE
12021 Am Theater,1427,34.75823405746321,32.048681541582155,27.070707070707073,14.807302231237324,12.525252525252526,35.699797160243406,37.37373737373738,5.070993914807302,6.666666666666667,3.0425963488843815,3.4343434343434343,4.259634888438134,6.0606060606060606,5.070993914807302,6.8686868686868685,SPD-GRÜNE,SPD-GRÜNE,GRÜNE,GRÜNE
12022 Giersberg,1473,38.42498302783435,36.234458259325045,33.27402135231316,18.650088809946713,17.08185053380783,29.66252220248668,30.782918149466195,3.019538188277087,4.804270462633451,4.7957371225577266,5.338078291814947,3.019538188277087,2.135231316725979,4.618117229129663,6.583629893238434,SPD-GRÜNE,SPD-GRÜNE,SPD,SPD
12031 Stadtpark,1326,43.36349924585219,35.25305410122164,30.017452006980804,12.739965095986038,11.343804537521814,35.25305410122164,37.696335078534034,3.4904013961605584,4.712041884816754,3.4904013961605584,4.18848167539267,3.4904013961605584,3.664921465968586,6.282722513089005,8.37696335078534,SPD-GRÜNE,SPD-GRÜNE,SPD,GRÜNE
12032 Prinzenpark-Nord,1114,43.895870736086174,31.352459016393443,26.434426229508194,14.959016393442623,14.344262295081966,37.295081967213115,39.959016393442624,2.8688524590163933,2.8688524590163933,3.0737704918032787,3.0737704918032787,5.327868852459016,7.172131147540983,5.122950819672131,6.147540983606557,SPD-GRÜNE,SPD-GRÜNE,GRÜNE,GRÜNE
12033 Kastanienallee,1073,42.124883504193846,24.390243902439025,23.16258351893096,15.077605321507761,14.699331848552339,41.46341463414634,40.97995545657015,3.5476718403547673,4.231625835189309,5.099778270509978,5.3452115812917596,3.7694013303769403,3.78619153674833,6.651884700665188,7.795100222717149,SPD-GRÜNE,SPD-GRÜNE,GRÜNE,GRÜNE
12034 Prinzenpark-Mitte,1032,40.98837209302326,35.86698337292161,28.978622327790976,10.451306413301662,9.73871733966746,33.2541567695962,35.39192399049881,3.32541567695962,5.7007125890736345,7.600950118764846,6.65083135391924,3.5629453681710213,4.750593824228028,5.938242280285035,8.788598574821853,SPD-GRÜNE,SPD-GRÜNE,SPD,GRÜNE
12035 Prinzenpark-Süd,1053,42.26020892687559,41.723356009070294,37.33031674208145,10.657596371882086,9.049773755656108,32.426303854875286,35.294117647058826,3.4013605442176873,4.751131221719457,3.4013605442176873,3.167420814479638,3.6281179138321997,5.203619909502263,4.761904761904762,5.203619909502263,SPD-GRÜNE,SPD-GRÜNE,SPD,SPD
12036 Altewiekring-Südost,1311,43.09687261632342,29.90990990990991,24.686940966010734,12.432432432432433,13.059033989266547,37.65765765765766,36.67262969588551,3.6036036036036037,5.18783542039356,5.225225225225225,5.724508050089446,5.9459459459459465,6.082289803220036,5.225225225225225,8.586762075134168,SPD-GRÜNE,SPD-GRÜNE,GRÜNE,GRÜNE
12037 Georg-Westermann-Allee,1202,37.2712146422629,34.988713318284425,30.02257336343115,11.963882618510159,10.15801354401806,29.79683972911964,32.27990970654628,3.611738148984198,5.643340857787811,6.997742663656885,7.674943566591422,5.417607223476298,5.191873589164786,7.223476297968396,9.029345372460497,SPD-GRÜNE,SPD-GRÜNE,SPD,GRÜNE
13001 Inselwall,925,31.56756756756757,33.21917808219178,26.36986301369863,16.43835616438356,15.41095890410959,23.63013698630137,28.08219178082192,6.8493150684931505,7.191780821917808,7.191780821917808,7.191780821917808,3.0821917808219177,4.794520547945205,9.58904109589041,10.95890410958904,SPD-GRÜNE,SPD-GRÜNE,SPD,GRÜNE
13002 Am Hagenmarkt,1170,31.45299145299145,33.15068493150685,29.863013698630137,13.424657534246576,12.054794520547945,30.684931506849317,30.684931506849317,4.931506849315069,6.301369863013699,7.123287671232877,7.123287671232877,4.931506849315069,5.47945205479452,5.7534246575342465,8.493150684931507,SPD-GRÜNE,SPD-GRÜNE,SPD,GRÜNE
13003 An der Katharinenkirche,1206,27.114427860696516,25.15527950310559,20.307692307692307,15.217391304347828,13.846153846153847,30.124223602484474,33.53846153846154,4.658385093167702,4,12.111801242236025,12.307692307692308,5.900621118012422,8.307692307692308,6.832298136645963,7.6923076923076925,SPD-GRÜNE,SPD-GRÜNE,GRÜNE,GRÜNE
13004 Wendentorwall,1051,30.637488106565176,26.498422712933756,27.358490566037734,17.981072555205046,12.89308176100629,33.12302839116719,31.761006289308174,6.309148264984227,7.232704402515723,6.940063091482649,7.232704402515723,2.5236593059936907,2.8301886792452833,6.624605678233439,10.69182389937107,SPD-GRÜNE,SPD-GRÜNE,GRÜNE,GRÜNE
13011 Am Schloßpark,1159,33.47713546160483,32.114882506527415,29.31937172774869,20.887728459530024,18.848167539267017,30.809399477806785,31.151832460732987,3.1331592689295036,5.7591623036649215,5.483028720626632,5.49738219895288,3.6553524804177546,5.49738219895288,3.91644908616188,3.926701570680628,SPD-GRÜNE,SPD-GRÜNE,SPD,GRÜNE
13012 Kennedyplatz,1246,29.534510433386842,35.24590163934426,32.69754768392371,15.300546448087433,12.806539509536785,28.415300546448087,28.882833787465938,6.284153005464481,7.3569482288828345,4.918032786885246,5.449591280653951,5.191256830601093,4.35967302452316,4.644808743169399,8.446866485013624,SPD-GRÜNE,SPD-GRÜNE,SPD,SPD
13013 An der Martinikirche,1109,37.601442741208295,26.746987951807228,24.096385542168676,22.16867469879518,19.03614457831325,28.433734939759038,29.156626506024097,6.987951807228916,10.120481927710843,6.024096385542169,6.987951807228916,4.578313253012048,4.578313253012048,5.0602409638554215,6.024096385542169,SPD-GRÜNE,SPD-GRÜNE,GRÜNE,GRÜNE
13014 Gördelingerstraße,994,34.1046277665996,31.044776119402982,27.027027027027028,18.208955223880597,17.117117117117118,22.08955223880597,23.123123123123122,5.970149253731343,6.006006006006006,9.55223880597015,9.90990990990991,4.179104477611941,3.6036036036036037,8.955223880597014,13.213213213213212,SPD-GRÜNE,SPD-GRÜNE,SPD,SPD
13015 Am Neustadtmühlengraben,1110,31.71171171171171,35.32763532763533,33.714285714285715,22.507122507122507,20.57142857142857,21.082621082621085,21.428571428571427,5.982905982905983,6.571428571428571,7.4074074074074066,7.142857142857142,3.133903133903134,2,4.5584045584045585,8.571428571428571,SPD-GRÜNE,SPD-GRÜNE,SPD,SPD
13021 Adolfstraße/Leonhardstraße,1293,42.846094354215005,31.40794223826715,27.436823104693143,16.787003610108304,14.259927797833935,34.29602888086642,35.37906137184115,3.068592057761733,5.415162454873646,5.054151624548736,4.873646209386282,4.1516245487364625,5.234657039711191,5.234657039711191,7.400722021660649,SPD-GRÜNE,SPD-GRÜNE,GRÜNE,GRÜNE
13022 An der Stadthalle,1172,36.86006825938566,32.31850117096019,25.995316159250585,14.519906323185012,13.348946135831383,31.381733021077284,31.61592505854801,4.215456674473068,5.620608899297424,7.259953161592506,7.494145199063232,4.918032786885246,5.85480093676815,5.386416861826698,10.070257611241217,SPD-GRÜNE,SPD-GRÜNE,SPD,GRÜNE
13023 Viewegs-Garten,1200,37.166666666666664,31.136363636363633,25.623582766439913,18.636363636363637,16.3265306122449,26.36363636363636,30.839002267573694,4.772727272727273,7.2562358276643995,7.954545454545454,8.390022675736962,4.318181818181818,4.308390022675737,6.8181818181818175,7.2562358276643995,SPD-GRÜNE,SPD-GRÜNE,SPD,GRÜNE
13024 Rimpaus-Garten,913,39.539978094194964,31.75487465181058,30.555555555555557,18.94150417827298,16.944444444444446,28.690807799442897,29.72222222222222,2.2284122562674096,3.3333333333333335,5.571030640668524,6.666666666666667,5.2924791086350975,5.277777777777778,7.520891364902507,7.5,SPD-GRÜNE,SPD-GRÜNE,SPD,SPD
13025 Am Bürgerpark,969,35.60371517027864,31.28654970760234,28.947368421052634,22.22222222222222,19.298245614035086,25.730994152046783,25.146198830409354,3.508771929824561,7.309941520467836,7.602339181286549,6.140350877192982,4.385964912280701,4.678362573099415,5.263157894736842,8.47953216374269,SPD-GRÜNE,SPD-GRÜNE,SPD,SPD
13031 Hauptbahnhof,636,27.67295597484277,37.93103448275862,35.63218390804598,12.643678160919542,12.643678160919542,16.666666666666664,16.666666666666664,5.747126436781609,6.321839080459771,11.494252873563218,13.218390804597702,4.597701149425287,4.022988505747127,10.919540229885058,11.494252873563218,SPD-GRÜNE,SPD-GRÜNE,SPD,SPD
13032 Streitberg/Hauptfriedhof,631,38.66877971473851,35.24590163934426,37.4485596707819,18.0327868852459,16.872427983539097,27.459016393442624,23.868312757201647,2.459016393442623,0.823045267489712,5.737704918032787,6.995884773662551,3.278688524590164,3.7037037037037033,7.786885245901639,10.2880658436214,SPD-GRÜNE,SPD-GRÜNE,SPD,SPD
13041 Zuckerberg,838,42.243436754176614,27.19546742209632,24.01129943502825,32.29461756373937,28.53107344632768,22.096317280453256,22.88135593220339,5.94900849858357,9.6045197740113,5.382436260623229,5.084745762711865,2.8328611898017,3.954802259887006,4.2492917847025495,5.932203389830509,SPD-GRÜNE,SPD-GRÜNE,CDU,CDU
13051 Bebelhof-West,897,22.630992196209586,43.56435643564357,41.5,13.366336633663368,12.5,10.891089108910892,11,0.9900990099009901,1,16.33663366336634,19,6.9306930693069315,7.000000000000001,7.920792079207921,8,SPD-GRÜNE,SPD-GRÜNE,SPD,SPD
13052 Bebelhof-Ost,971,28.218331616889802,40.51094890510949,36.162361623616235,13.86861313868613,12.546125461254611,15.328467153284672,16.605166051660518,1.4598540145985401,2.952029520295203,14.233576642335766,14.760147601476014,8.02919708029197,7.7490774907749085,6.569343065693431,9.22509225092251,SPD-GRÜNE,SPD-GRÜNE,SPD,SPD
21101 Stöckheim-Nordost,1156,38.84083044982699,37.83783783783784,34.68468468468468,23.873873873873876,21.17117117117117,19.594594594594593,21.396396396396398,5.63063063063063,5.405405405405405,8.108108108108109,10.36036036036036,2.9279279279279278,2.9279279279279278,2.027027027027027,4.054054054054054,SPD-GRÜNE,SPD-GRÜNE,SPD,SPD
21102 Stöckheim-Südost,1539,35.99740090968161,35.76642335766424,31.397459165154263,24.45255474452555,21.415607985480946,19.34306569343066,22.323049001814883,8.211678832116789,11.433756805807622,7.481751824817519,7.259528130671507,3.102189781021898,3.2667876588021776,1.6423357664233578,2.9038112522686026,SPD-GRÜNE,SPD-GRÜNE,SPD,SPD
21103 Stöckheim-West,1297,39.321511179645334,38.3399209486166,33.79721669980119,21.541501976284586,19.880715705765407,19.565217391304348,22.266401590457257,4.545454545454546,4.3737574552683895,10.079051383399209,9.74155069582505,2.5691699604743086,2.783300198807157,3.3596837944664033,7.157057654075547,SPD-GRÜNE,SPD-GRÜNE,SPD,SPD
21104 Stöckheim-Nordwest,1293,41.067285382830626,39.20454545454545,34.34535104364326,28.219696969696972,27.893738140417458,17.803030303030305,19.54459203036053,5.303030303030303,5.88235294117647,6.0606060606060606,6.261859582542694,1.3257575757575757,1.7077798861480076,2.083333333333333,4.364326375711575,SPD-GRÜNE,SPD-GRÜNE,SPD,SPD
21111 Leiferde,1457,47.15168153740563,43.48462664714495,37.88546255506608,23.718887262079065,21.58590308370044,10.54172767203514,13.215859030837004,4.538799414348463,5.4331864904552125,12.445095168374817,12.62848751835536,2.635431918008785,3.3773861967694567,2.635431918008785,5.873715124816446,SPD-GRÜNE,SPD-GRÜNE,SPD,SPD
21121 Heidberg-Nordost,983,39.77619532044761,41.343669250645995,38.02083333333333,23.25581395348837,19.791666666666664,13.436692506459949,15.625,3.6175710594315245,3.90625,11.886304909560723,11.458333333333332,2.0671834625323,1.8229166666666667,4.3927648578811365,9.375,SPD-GRÜNE,SPD-GRÜNE,SPD,SPD
21122 Am Schulzentrum Heidberg,997,33.90170511534604,46.06060606060606,40.963855421686745,16.666666666666664,15.66265060240964,13.333333333333334,13.855421686746988,4.242424242424243,4.518072289156627,14.84848484848485,14.457831325301203,2.4242424242424243,4.216867469879518,2.4242424242424243,6.325301204819277,SPD-GRÜNE,SPD-GRÜNE,SPD,SPD
21123 Heidberg-Südost,946,33.61522198731501,36.19047619047619,33.75796178343949,27.936507936507937,26.11464968152866,12.698412698412698,14.012738853503185,3.8095238095238098,2.8662420382165608,12.698412698412698,13.05732484076433,4.1269841269841265,4.45859872611465,2.5396825396825395,5.7324840764331215,SPD-GRÜNE,SPD-GRÜNE,SPD,SPD
21124 Heidberg-Südwest,841,38.40665873959572,37.07165109034268,34.890965732087224,33.64485981308411,31.775700934579437,8.722741433021806,9.968847352024921,2.4922118380062304,2.1806853582554515,14.641744548286603,15.887850467289718,2.4922118380062304,2.803738317757009,0.9345794392523363,2.4922118380062304,SPD-GRÜNE,SPD-GRÜNE,SPD,SPD
21125 Heidberg-Zentrum,1079,31.047265987025025,37.08206686930091,32.01219512195122,28.87537993920973,25,7.598784194528875,11.28048780487805,2.127659574468085,3.6585365853658534,16.41337386018237,17.682926829268293,3.343465045592705,3.9634146341463414,4.5592705167173255,6.402439024390244,SPD-GRÜNE,SPD-GRÜNE,SPD,SPD
21126 Heidberg-Nordwest,1087,36.79852805887764,42.10526315789473,41.60401002506266,21.804511278195488,19.799498746867165,11.779448621553884,11.278195488721805,3.508771929824561,4.260651629072681,15.789473684210526,15.538847117794486,1.2531328320802004,1.7543859649122806,3.7593984962406015,5.764411027568922,SPD-GRÜNE,SPD-GRÜNE,SPD,SPD
21131 Melverode-Südwest,979,43.82022471910113,36.15023474178404,31.455399061032864,26.76056338028169,22.300469483568076,17.84037558685446,21.830985915492956,4.929577464788732,7.511737089201878,5.868544600938967,6.807511737089202,4.694835680751173,3.9906103286384975,3.755868544600939,6.103286384976526,SPD-GRÜNE,SPD-GRÜNE,SPD,SPD
21132 Melverode-Nord,911,34.13830954994512,42.58064516129032,37.54045307443366,21.29032258064516,18.446601941747574,11.935483870967742,14.239482200647249,3.870967741935484,4.854368932038835,13.870967741935484,13.915857605177994,1.935483870967742,3.559870550161812,4.516129032258064,7.443365695792881,SPD-GRÜNE,SPD-GRÜNE,SPD,SPD
21133 Melverode-Südost,969,41.48606811145511,41.05793450881612,36.68341708542713,20.906801007556673,20.603015075376884,16.876574307304786,17.839195979899497,3.5264483627204033,5.527638190954774,11.335012594458437,11.055276381909549,3.27455919395466,3.015075376884422,3.022670025188917,5.276381909547738,SPD-GRÜNE,SPD-GRÜNE,SPD,SPD
21201 Mastbruch-Siedlung,762,42.51968503937008,41.04938271604938,31.48148148148148,23.765432098765434,25.925925925925924,16.666666666666664,22.22222222222222,8.333333333333332,6.790123456790123,6.172839506172839,7.098765432098765,2.1604938271604937,1.2345679012345678,1.8518518518518516,5.246913580246913,SPD-GRÜNE,SPD-GRÜNE,SPD,SPD
21211 Rautheim-West,1291,36.25096824167312,39.69957081545064,34.475374732334046,19.95708154506438,17.987152034261243,13.948497854077251,16.059957173447536,3.4334763948497855,5.995717344753747,13.304721030042918,13.49036402569593,5.150214592274678,3.2119914346895073,4.506437768240343,8.779443254817988,SPD-GRÜNE,SPD-GRÜNE,SPD,SPD
21212 Rautheim-Ost,1355,44.50184501845019,33.835845896147404,29.5,25.795644891122276,23,20.100502512562816,21.833333333333332,3.8525963149078724,5,8.375209380234507,8.333333333333332,3.8525963149078724,4.833333333333333,4.1876046901172534,7.5,SPD-GRÜNE,SPD-GRÜNE,SPD,SPD
21221 Lindenberg-West,888,38.17567567567568,36.904761904761905,36.63663663663664,18.154761904761905,15.615615615615615,15.773809523809524,14.414414414414415,3.273809523809524,4.504504504504505,14.583333333333334,15.015015015015015,5.059523809523809,3.903903903903904,6.25,9.90990990990991,SPD-GRÜNE,SPD-GRÜNE,SPD,SPD
21222 Lindenberg-Ost,948,43.88185654008439,32.68765133171913,27.710843373493976,21.06537530266344,20.481927710843372,20.33898305084746,20,8.232445520581114,9.397590361445783,11.380145278450362,11.325301204819278,2.9055690072639226,3.614457831325301,3.389830508474576,7.46987951807229,SPD-GRÜNE,SPD-GRÜNE,SPD,SPD
21231 Südstadt-Ost,1196,45.735785953177256,41.804788213627994,39.00184842883549,23.02025782688766,19.77818853974122,17.495395948434624,18.299445471349355,4.051565377532229,6.469500924214418,9.208103130755065,8.872458410351202,2.209944751381215,1.478743068391867,2.209944751381215,6.099815157116451,SPD-GRÜNE,SPD-GRÜNE,SPD,SPD
21232 Südstadt-West,977,52.098259979529175,41.07142857142857,35.785288270377734,21.626984126984127,19.284294234592444,18.253968253968253,21.868787276341948,2.976190476190476,3.7773359840954273,9.523809523809524,10.337972166998012,3.1746031746031744,2.584493041749503,3.373015873015873,6.36182902584493,SPD-GRÜNE,SPD-GRÜNE,SPD,SPD
21241 Mascherode-Mitte,938,42.11087420042644,38.97435897435898,31.28205128205128,35.38461538461539,31.025641025641026,13.076923076923078,18.461538461538463,4.615384615384616,7.948717948717948,5.897435897435897,7.179487179487179,1.0256410256410255,1.5384615384615385,1.0256410256410255,2.564102564102564,SPD-GRÜNE,SPD-GRÜNE,SPD,SPD
21242 Mascherode-Süd,991,51.66498486377397,37.64705882352941,31.960784313725487,27.254901960784313,24.509803921568626,16.470588235294116,20.980392156862745,7.254901960784315,8.431372549019608,6.2745098039215685,6.078431372549019,2.3529411764705883,1.3725490196078431,2.7450980392156863,6.666666666666667,SPD-GRÜNE,SPD-GRÜNE,SPD,SPD
21243 Mascherode-Nordwest,1115,48.25112107623318,40.262172284644194,34.26443202979516,30.52434456928839,27.932960893854748,16.10486891385768,20.670391061452513,5.2434456928838955,6.70391061452514,4.49438202247191,5.027932960893855,1.8726591760299627,2.4208566108007448,1.4981273408239701,2.97951582867784,SPD-GRÜNE,SPD-GRÜNE,SPD,SPD
22101 Rheinring-Ost,1574,30.62261753494282,39.49579831932773,36.652542372881356,28.361344537815125,25.847457627118644,8.823529411764707,8.898305084745763,3.361344537815126,5.084745762711865,13.655462184873949,13.559322033898304,3.9915966386554618,5.084745762711865,2.3109243697478994,4.872881355932203,SPD-GRÜNE,SPD-GRÜNE,SPD,SPD
22102 Emsstraße-West,994,23.943661971830984,33.189655172413794,30.303030303030305,24.568965517241377,22.07792207792208,3.4482758620689653,4.761904761904762,1.293103448275862,1.7316017316017316,26.29310344827586,27.705627705627705,8.189655172413794,7.792207792207792,3.0172413793103448,5.627705627705628,SPD-GRÜNE,SPD-GRÜNE,SPD,SPD
22103 Elbestraße-Ost,1094,19.287020109689216,39.51219512195122,39.51219512195122,10.24390243902439,9.268292682926829,7.804878048780488,7.317073170731707,1.4634146341463417,3.414634146341464,29.756097560975608,28.780487804878046,8.780487804878048,6.829268292682928,2.4390243902439024,4.878048780487805,SPD-GRÜNE,SPD-GRÜNE,SPD,SPD
22104 Rheinring-Südwest,1111,33.753375337533754,45.25745257452575,43.47826086956522,22.76422764227642,20.92391304347826,8.401084010840108,9.510869565217392,2.4390243902439024,3.260869565217391,16.260162601626014,17.119565217391305,3.523035230352303,3.260869565217391,1.3550135501355014,2.4456521739130435,SPD-GRÜNE,SPD-GRÜNE,SPD,SPD
22105 Rheinring-Nordwest,1074,42.45810055865922,40.83885209713024,39.20704845814978,29.58057395143488,28.193832599118945,8.388520971302428,6.387665198237885,1.3245033112582782,3.303964757709251,12.362030905077264,12.77533039647577,3.7527593818984544,3.9647577092511015,3.7527593818984544,6.167400881057269,SPD-GRÜNE,SPD-GRÜNE,SPD,SPD
22111 Elbestraße-Süd,1016,23.326771653543307,39.57446808510638,33.47457627118644,13.617021276595745,13.135593220338984,5.957446808510639,9.745762711864407,1.702127659574468,1.694915254237288,28.936170212765955,27.54237288135593,8.085106382978724,8.47457627118644,2.127659574468085,5.932203389830509,SPD-GRÜNE,SPD-GRÜNE,SPD,SPD
22112 Saalestraße,1192,22.818791946308725,33.95522388059701,31.835205992509362,22.388059701492537,20.973782771535582,7.835820895522389,8.239700374531834,2.6119402985074625,4.119850187265917,23.88059701492537,23.220973782771537,4.850746268656716,5.992509363295881,4.477611940298507,5.617977528089887,SPD-GRÜNE,SPD-GRÜNE,SPD,SPD
22113 Ilmenaustraße,1183,31.276415891800507,39.56043956043956,34.9862258953168,20.054945054945055,19.28374655647383,10.714285714285714,11.84573002754821,1.098901098901099,1.3774104683195594,23.35164835164835,22.58953168044077,3.8461538461538463,4.958677685950414,1.3736263736263736,4.958677685950414,SPD-GRÜNE,SPD-GRÜNE,SPD,SPD
22114 Weserstraße,1125,33.33333333333333,30.913978494623656,29.649595687331537,27.419354838709676,28.57142857142857,8.064516129032258,8.086253369272237,4.032258064516129,4.0431266846361185,23.9247311827957,23.71967654986523,2.956989247311828,2.15633423180593,2.6881720430107525,3.7735849056603774,SPD-GRÜNE,SPD-GRÜNE,SPD,SPD
22115 Isarstraße,1049,29.361296472831267,34.75409836065574,31.02310231023102,25.573770491803277,24.09240924092409,4.2622950819672125,6.270627062706271,3.278688524590164,3.9603960396039604,21.9672131147541,22.772277227722775,5.901639344262295,6.270627062706271,4.2622950819672125,5.6105610561056105,SPD-GRÜNE,SPD-GRÜNE,SPD,SPD
22116 Lechstraße,1017,28.515240904621436,39.37282229965157,37.5,18.81533101045296,18.40277777777778,9.40766550522648,10.416666666666668,2.4390243902439024,2.430555555555556,21.951219512195124,21.180555555555554,5.923344947735192,5.555555555555555,2.0905923344947737,4.513888888888888,SPD-GRÜNE,SPD-GRÜNE,SPD,SPD
22121 Münchenstraße-Südost,1098,19.30783242258652,30.952380952380953,29.1866028708134,17.61904761904762,16.267942583732058,5.238095238095238,5.263157894736842,2.857142857142857,3.827751196172249,32.38095238095238,31.100478468899524,5.714285714285714,5.263157894736842,5.238095238095238,9.090909090909092,SPD-GRÜNE,SPD-GRÜNE,AfD,AfD
22122 Neckarstraße,843,24.080664294187425,48.01980198019802,47.2636815920398,19.801980198019802,18.407960199004975,7.920792079207921,8.45771144278607,2.9702970297029703,2.9850746268656714,16.831683168316832,16.91542288557214,0.49504950495049505,2.4875621890547266,3.9603960396039604,3.482587064676617,SPD-GRÜNE,SPD-GRÜNE,SPD,SPD
22123 Lahnstraße,953,23.504721930745013,36.86635944700461,32.870370370370374,20.276497695852534,20.37037037037037,6.451612903225806,8.333333333333332,4.147465437788019,2.7777777777777777,23.502304147465438,22.685185185185187,5.529953917050691,4.62962962962963,3.225806451612903,8.333333333333332,SPD-GRÜNE,SPD-GRÜNE,SPD,SPD
22201 Timmerlah-West,854,44.37939110070258,43.43163538873995,36,26.005361930294907,24,5.361930294906166,8.533333333333333,4.557640750670242,6.666666666666667,12.600536193029491,12,3.485254691689008,4,4.557640750670242,8.799999999999999,SPD-GRÜNE,SPD-GRÜNE,SPD,SPD
22202 Timmerlah-Ost,888,47.74774774774775,36.492890995260666,32.304038004750595,26.303317535545023,21.61520190023753,12.085308056872037,16.152019002375297,4.265402843601896,5.7007125890736345,14.928909952606634,15.676959619952493,3.5545023696682465,2.8503562945368173,2.3696682464454977,5.7007125890736345,SPD-GRÜNE,SPD-GRÜNE,SPD,SPD
22211 Stiddien,160,59.375,28.723404255319153,29.47368421052631,50,44.21052631578947,9.574468085106384,11.578947368421053,5.319148936170213,5.263157894736842,4.25531914893617,5.263157894736842,1.0638297872340425,1.0526315789473684,1.0638297872340425,3.1578947368421053,CDU-FDP,CDU-FDP,CDU,CDU
22221 Geitelde,878,48.63325740318907,41.371158392434985,37.735849056603776,30.023640661938533,25.235849056603776,13.002364066193852,16.27358490566038,4.25531914893617,4.716981132075472,7.5650118203309695,9.669811320754718,1.4184397163120568,0.9433962264150944,2.3640661938534278,5.4245283018867925,SPD-GRÜNE,SPD-GRÜNE,SPD,SPD
22231 Broitzem-Nordwest,1198,39.23205342237062,36.422413793103445,33.909287257019436,27.801724137931032,21.382289416846653,10.560344827586206,13.174946004319654,4.310344827586207,7.343412526997841,15.301724137931034,15.550755939524837,2.586206896551724,2.591792656587473,3.0172413793103448,6.047516198704104,SPD-GRÜNE,SPD-GRÜNE,SPD,SPD
22232 Broitzem-Südwest,1208,39.900662251655625,36.554621848739494,33.123689727463315,24.159663865546218,23.270440251572328,13.23529411764706,14.465408805031446,4.411764705882353,6.289308176100629,16.176470588235293,18.029350104821802,2.3109243697478994,1.8867924528301887,3.1512605042016806,2.9350104821802936,SPD-GRÜNE,SPD-GRÜNE,SPD,SPD
22233 Broitzem-Südost,931,46.723952738990334,38.2830626450116,36.97674418604651,31.09048723897912,29.069767441860467,12.529002320185615,12.790697674418606,2.5522041763341066,4.186046511627907,8.584686774941995,8.604651162790699,3.480278422273782,3.255813953488372,3.480278422273782,5.116279069767442,SPD-GRÜNE,SPD-GRÜNE,SPD,SPD
22234 Broitzem-Nordost,1052,42.11026615969582,37.95454545454545,30.296127562642365,24.31818181818182,21.867881548974943,13.18181818181818,17.76765375854214,2.727272727272727,5.466970387243736,18.181818181818183,18.223234624145785,1.3636363636363635,1.366742596810934,2.272727272727273,5.0113895216400905,SPD-GRÜNE,SPD-GRÜNE,SPD,SPD
22241 Rüningen-Nord,1120,36.07142857142857,29.82456140350877,32.33082706766917,35.08771929824561,25.81453634085213,9.273182957393484,11.278195488721805,3.508771929824561,4.010025062656641,15.538847117794486,17.794486215538846,4.761904761904762,3.7593984962406015,2.0050125313283207,5.012531328320802,SPD-GRÜNE,SPD-GRÜNE,CDU,SPD
22242 Rüningen-Süd,1105,33.12217194570135,33.6986301369863,34.61538461538461,34.24657534246575,23.626373626373624,7.671232876712329,10.989010989010989,1.643835616438356,2.4725274725274726,14.794520547945206,17.582417582417584,3.287671232876712,3.296703296703297,4.657534246575342,7.417582417582418,SPD-GRÜNE,SPD-GRÜNE,CDU,SPD
31001 Eichtal,1114,25.852782764811487,26.923076923076923,21.75438596491228,15.034965034965033,11.578947368421053,32.16783216783217,36.49122807017544,5.244755244755245,5.263157894736842,6.293706293706294,5.964912280701754,6.293706293706294,7.368421052631578,8.041958041958042,11.578947368421053,SPD-GRÜNE,SPD-GRÜNE,GRÜNE,GRÜNE
31002 Am Weißen Roß,1120,30,24.17910447761194,25.07462686567164,15.82089552238806,11.641791044776118,28.059701492537314,29.253731343283583,3.2835820895522385,4.776119402985075,9.253731343283581,9.55223880597015,7.164179104477612,8.059701492537313,12.238805970149254,11.641791044776118,SPD-GRÜNE,SPD-GRÜNE,GRÜNE,GRÜNE
31003 Celler Straße-Nordwest,914,26.58643326039387,38.75,34.439834024896264,22.5,20.33195020746888,19.583333333333332,21.991701244813278,1.6666666666666667,3.7344398340248963,10.416666666666668,11.20331950207469,4.166666666666666,3.7344398340248963,2.9166666666666665,4.564315352697095,SPD-GRÜNE,SPD-GRÜNE,SPD,SPD
31004 Rudolfplatz-Nord,1081,33.580018501387606,31.491712707182316,27.77777777777778,21.2707182320442,20,25.69060773480663,26.666666666666668,4.972375690607735,5.277777777777778,6.077348066298343,6.666666666666667,3.591160220994475,4.722222222222222,6.906077348066299,8.88888888888889,SPD-GRÜNE,SPD-GRÜNE,SPD,SPD
31011 Am Maschplatz,1116,30.734767025089603,26.392961876832842,21.282798833819243,20.821114369501466,17.49271137026239,31.085043988269796,33.23615160349854,4.105571847507331,6.41399416909621,7.038123167155426,7.871720116618077,2.6392961876832843,4.373177842565598,7.9178885630498534,9.329446064139942,SPD-GRÜNE,SPD-GRÜNE,GRÜNE,GRÜNE
31012 Am Amalienplatz,1220,36.0655737704918,32.3394495412844,30.275229357798167,14.678899082568808,13.073394495412844,28.6697247706422,30.963302752293576,5.045871559633028,5.5045871559633035,6.422018348623854,6.422018348623854,4.587155963302752,5.5045871559633035,8.256880733944955,8.256880733944955,SPD-GRÜNE,SPD-GRÜNE,SPD,GRÜNE
31013 Rudolfplatz-Ost,1075,32.55813953488372,29.428571428571427,26.72413793103448,11.142857142857142,10.344827586206897,28.857142857142858,28.160919540229884,3.1428571428571432,4.310344827586207,10.285714285714285,9.195402298850574,9.428571428571429,10.919540229885058,7.7142857142857135,10.344827586206897,SPD-GRÜNE,SPD-GRÜNE,SPD,GRÜNE
31014 Rennelberg,1043,30.488974113135185,28.115015974440894,27.564102564102566,13.099041533546327,11.217948717948719,30.35143769968051,26.282051282051285,2.5559105431309903,3.5256410256410255,11.501597444089457,12.179487179487179,5.431309904153355,8.012820512820513,8.945686900958465,11.217948717948719,SPD-GRÜNE,SPD-GRÜNE,GRÜNE,SPD
31015 Holwedestraße,1249,32.90632506004803,24.69437652811736,24.146341463414632,14.425427872860636,13.170731707317074,35.69682151589242,32.4390243902439,3.4229828850855744,3.1707317073170733,8.557457212713937,8.780487804878048,6.112469437652812,8.780487804878048,7.090464547677261,9.512195121951219,SPD-GRÜNE,SPD-GRÜNE,GRÜNE,GRÜNE
31016 Sackring-Ost,1166,29.073756432247,32.035928143712574,31.83183183183183,13.77245508982036,13.513513513513514,26.646706586826348,24.324324324324326,2.694610778443114,3.303303303303303,8.682634730538922,10.21021021021021,5.9880239520958085,7.5075075075075075,10.179640718562874,9.30930930930931,SPD-GRÜNE,SPD-GRÜNE,SPD,SPD
31021 Rudolfplatz-West,1379,33.067440174039156,35.77777777777777,35.55555555555556,19.11111111111111,15.777777777777777,21.11111111111111,22.22222222222222,3.3333333333333335,5.333333333333334,9.555555555555555,9.333333333333334,4.444444444444445,3.5555555555555554,6.666666666666667,8.222222222222223,SPD-GRÜNE,SPD-GRÜNE,SPD,SPD
31022 Sackring-West,1274,33.6734693877551,36.768149882903984,34.57943925233645,21.311475409836063,19.626168224299064,20.374707259953162,20.093457943925234,4.918032786885246,6.5420560747663545,10.304449648711945,10.514018691588785,2.576112412177986,4.205607476635514,3.747072599531616,4.439252336448598,SPD-GRÜNE,SPD-GRÜNE,SPD,SPD
31031 Altstadtring-Nord,1063,31.796801505174038,26.047904191616766,22.289156626506024,18.263473053892216,14.156626506024098,30.83832335329341,34.036144578313255,5.688622754491018,6.325301204819277,7.18562874251497,8.433734939759036,5.089820359281437,5.421686746987952,6.88622754491018,9.33734939759036,SPD-GRÜNE,SPD-GRÜNE,GRÜNE,GRÜNE
31032 Altstadtring-Süd,1209,33.002481389578165,32.40506329113924,32.142857142857146,16.455696202531644,14.030612244897958,28.354430379746837,24.23469387755102,2.7848101265822782,4.336734693877551,7.59493670886076,8.16326530612245,5.5696202531645564,7.653061224489796,6.8354430379746836,9.438775510204081,SPD-GRÜNE,SPD-GRÜNE,SPD,SPD
31033 Altstadtring-West,1009,34.68780971258672,33.33333333333333,29.394812680115272,11.403508771929824,10.086455331412104,31.28654970760234,30.547550432276655,2.046783625730994,2.881844380403458,8.771929824561402,10.086455331412104,5.847953216374268,8.069164265129682,7.309941520467836,8.93371757925072,SPD-GRÜNE,SPD-GRÜNE,SPD,GRÜNE
31034 Am Großmarkt,1068,32.11610486891386,28.823529411764703,27.35294117647059,17.058823529411764,14.117647058823529,21.764705882352942,21.470588235294116,4.411764705882353,5.294117647058823,15,14.411764705882351,5.88235294117647,7.941176470588235,7.0588235294117645,9.411764705882353,SPD-GRÜNE,SPD-GRÜNE,SPD,SPD
31041 Westbahnhof,1117,30.617726051924798,28.31858407079646,31.06508875739645,16.224188790560472,14.201183431952662,29.20353982300885,26.627218934911244,5.899705014749262,5.325443786982249,5.899705014749262,5.029585798816568,8.259587020648967,10.355029585798817,6.1946902654867255,7.396449704142012,SPD-GRÜNE,SPD-GRÜNE,GRÜNE,SPD
31042 Cyriaksring-Ost,1100,37.63636363636363,27.628361858190708,25.365853658536587,9.535452322738386,9.024390243902438,30.80684596577017,28.292682926829265,3.1784841075794623,4.878048780487805,11.246943765281173,11.219512195121952,7.579462102689487,8.536585365853659,10.024449877750612,12.682926829268293,SPD-GRÜNE,SPD-GRÜNE,GRÜNE,GRÜNE
31043 Juliusstraße-Ost,1449,33.47135955831608,28.661087866108787,25.469728601252612,17.364016736401673,13.778705636743215,28.870292887029287,29.64509394572025,2.510460251046025,5.845511482254697,8.786610878661087,8.977035490605429,5.648535564853557,7.306889352818372,8.158995815899582,8.977035490605429,SPD-GRÜNE,SPD-GRÜNE,GRÜNE,GRÜNE
31044 Frankfurter Straße-Ost,1049,34.89037178265014,24.725274725274726,22.52747252747253,14.010989010989011,12.912087912087914,28.846153846153843,25.274725274725274,4.1208791208791204,4.945054945054945,13.461538461538462,14.010989010989011,6.593406593406594,8.241758241758241,8.241758241758241,12.087912087912088,SPD-GRÜNE,SPD-GRÜNE,GRÜNE,GRÜNE
31045 Frankfurter Straße-West,912,29.166666666666668,27.169811320754718,25.660377358490567,9.811320754716983,7.547169811320755,30.18867924528302,28.30188679245283,1.509433962264151,2.6415094339622645,11.320754716981133,9.811320754716983,9.433962264150944,12.452830188679245,10.566037735849058,13.584905660377359,SPD-GRÜNE,SPD-GRÜNE,GRÜNE,GRÜNE
31051 Gartenstadt-Ost,706,50.56657223796034,38.81019830028329,37.5,24.645892351274785,24.431818181818183,19.263456090651555,19.318181818181817,2.26628895184136,3.125,4.53257790368272,5.3977272727272725,3.9660056657223794,3.125,6.515580736543909,7.1022727272727275,SPD-GRÜNE,SPD-GRÜNE,SPD,SPD
31052 Gartenstadt-West,708,41.38418079096045,29.553264604810998,26.89655172413793,25.085910652920962,21.03448275862069,12.371134020618557,13.448275862068964,6.185567010309279,7.241379310344828,19.587628865979383,21.72413793103448,1.718213058419244,2.413793103448276,5.498281786941581,7.241379310344828,SPD-GRÜNE,SPD-GRÜNE,SPD,SPD
32101 Kanzlerfeld-West,850,48.470588235294116,39.02439024390244,38.048780487804876,37.31707317073171,33.65853658536586,13.414634146341465,15.121951219512194,3.902439024390244,6.585365853658537,3.902439024390244,4.146341463414634,0.4878048780487805,0.7317073170731708,1.951219512195122,1.707317073170732,SPD-GRÜNE,SPD-GRÜNE,SPD,SPD
32102 Kanzlerfeld-Südwest,962,52.390852390852395,35.27054108216433,37.87575150300601,32.26452905811623,26.65330661322645,19.438877755511022,18.637274549098194,4.008016032064128,7.014028056112225,4.609218436873747,4.809619238476954,2.2044088176352705,2.6052104208416833,2.2044088176352705,2.404809619238477,SPD-GRÜNE,SPD-GRÜNE,SPD,SPD
32103 Kanzlerfeld-Ost,1244,46.62379421221865,27.604166666666668,26.956521739130434,38.36805555555556,31.130434782608695,17.36111111111111,21.043478260869566,2.256944444444444,6.956521739130435,6.944444444444445,7.304347826086957,1.9097222222222223,2.2608695652173916,5.555555555555555,4.3478260869565215,SPD-GRÜNE,SPD-GRÜNE,CDU,CDU
32111 Horstbleek,1154,39.25476603119584,41.648106904231625,39.23766816143498,21.158129175946545,18.83408071748879,22.271714922049,21.748878923766814,3.11804008908686,4.484304932735426,5.3452115812917596,6.278026905829597,1.55902004454343,2.4663677130044843,4.8997772828507795,6.950672645739911,SPD-GRÜNE,SPD-GRÜNE,SPD,SPD
32112 Lehndorf-Siedlung-Nord,1259,36.13979348689436,37.74834437086093,37.16814159292036,17.880794701986755,15.04424778761062,23.399558498896248,23.893805309734514,5.518763796909492,7.079646017699115,9.271523178807946,9.513274336283185,2.6490066225165565,2.8761061946902653,3.532008830022075,4.424778761061947,SPD-GRÜNE,SPD-GRÜNE,SPD,SPD
32113 Lehndorf-Alt,1055,39.905213270142184,33.17307692307692,30.935251798561154,27.884615384615387,23.741007194244602,16.105769230769234,17.74580335731415,5.528846153846153,7.673860911270983,9.85576923076923,10.311750599520384,2.403846153846154,2.877697841726619,5.048076923076923,6.71462829736211,SPD-GRÜNE,SPD-GRÜNE,SPD,SPD
32114 Lehndorf-Mitte,1029,35.374149659863946,40.502793296089386,37.04735376044568,24.581005586592177,20.61281337047354,16.201117318435752,20.891364902506965,4.189944134078212,4.735376044568245,6.70391061452514,6.963788300835655,2.5139664804469275,3.3426183844011144,5.307262569832402,6.406685236768802,SPD-GRÜNE,SPD-GRÜNE,SPD,SPD
32115 Lehndorf-Siedlung-Süd,991,44.39959636730575,36.00917431192661,35.55045871559633,25.688073394495415,19.03669724770642,21.3302752293578,24.541284403669724,3.669724770642202,5.963302752293578,8.256880733944955,8.486238532110093,1.3761467889908259,1.3761467889908259,3.669724770642202,5.045871559633028,SPD-GRÜNE,SPD-GRÜNE,SPD,SPD
32121 Lamme-Nord,1139,41.000877963125546,31.03448275862069,29.310344827586203,30.603448275862068,29.52586206896552,17.45689655172414,18.103448275862068,5.387931034482758,6.25,9.698275862068966,9.698275862068966,1.7241379310344827,1.293103448275862,4.094827586206897,5.818965517241379,SPD-GRÜNE,SPD-GRÜNE,SPD,CDU
32122 Lamme-Süd,1336,44.16167664670659,28.424657534246577,27.101200686106345,27.397260273972602,20.926243567753,14.554794520547945,18.181818181818183,5.136986301369863,8.061749571183533,15.582191780821919,15.780445969125214,4.623287671232877,5.660377358490567,4.280821917808219,4.288164665523156,SPD-GRÜNE,SPD-GRÜNE,SPD,SPD
32123 Lamme-Ost,966,44.616977225672876,23.653395784543328,22.19626168224299,25.995316159250585,21.962616822429908,18.969555035128806,19.859813084112147,3.278688524590164,5.14018691588785,21.54566744730679,22.19626168224299,1.873536299765808,2.803738317757009,4.683840749414521,5.841121495327103,SPD-GRÜNE,SPD-GRÜNE,CDU,SPD
32131 Völkenrode,1372,49.27113702623907,35.01483679525222,31.147540983606557,30.118694362017806,25.93144560357675,17.210682492581604,20.715350223546945,4.154302670623145,5.663189269746647,7.270029673590504,8.64381520119225,1.7804154302670623,1.4903129657228018,4.451038575667656,6.4083457526080485,SPD-GRÜNE,SPD-GRÜNE,SPD,SPD
32141 Watenbüttel-Nordost,1190,43.78151260504202,35.4775828460039,31.32295719844358,31.189083820662766,28.98832684824903,12.475633528265107,14.980544747081712,3.508771929824561,5.447470817120623,8.966861598440545,9.53307392996109,2.729044834307992,2.3346303501945527,5.653021442495127,7.392996108949417,SPD-GRÜNE,SPD-GRÜNE,SPD,SPD
32142 Watenbüttel-Südwest,918,44.11764705882353,42.14463840399002,40.547263681592035,28.92768079800499,23.6318407960199,12.468827930174564,16.666666666666664,1.7456359102244388,3.482587064676617,6.733167082294264,8.208955223880597,2.2443890274314215,2.2388059701492535,5.7356608478802995,5.223880597014925,SPD-GRÜNE,SPD-GRÜNE,SPD,SPD
32151 Ölper,1103,48.957388939256575,33.271028037383175,30.597014925373134,26.355140186915886,23.69402985074627,20.747663551401867,24.44029850746269,4.859813084112149,5.7835820895522385,6.728971962616822,6.7164179104477615,2.803738317757009,2.425373134328358,5.233644859813085,6.343283582089552,SPD-GRÜNE,SPD-GRÜNE,SPD,SPD
32201 Veltenhof-Nord,1118,36.493738819320214,38.17733990147783,34.88943488943489,25.862068965517242,25.7985257985258,11.083743842364532,11.302211302211303,2.70935960591133,4.176904176904177,13.546798029556651,12.776412776412776,1.2315270935960592,1.2285012285012284,7.389162561576355,9.828009828009828,SPD-GRÜNE,SPD-GRÜNE,SPD,SPD
32202 Veltenhof-Süd,1063,38.005644402634054,39.5,35.08771929824561,31.25,27.56892230576441,12.25,17.042606516290725,5,6.015037593984962,7.75,9.273182957393484,1.25,1.5037593984962405,3,3.508771929824561,SPD-GRÜNE,SPD-GRÜNE,SPD,SPD
32211 Lincolnsiedlung,1084,37.63837638376384,42.18362282878412,38.308457711442784,19.35483870967742,18.90547263681592,13.399503722084367,14.676616915422885,3.225806451612903,3.233830845771144,13.151364764267989,13.930348258706468,2.729528535980149,3.482587064676617,5.955334987593052,7.462686567164178,SPD-GRÜNE,SPD-GRÜNE,SPD,SPD
32212 Vorwerksiedlung,1011,30.95944609297725,32.89902280130293,31.25,18.892508143322477,16.776315789473685,13.029315960912053,12.5,3.257328990228013,4.276315789473684,21.172638436482085,21.052631578947366,4.234527687296417,5.592105263157895,6.514657980456026,8.552631578947368,SPD-GRÜNE,SPD-GRÜNE,SPD,SPD
32221 Harxbüttel,560,56.42857142857143,31.746031746031743,35.55555555555556,33.96825396825397,28.253968253968253,14.920634920634921,15.238095238095239,3.1746031746031744,5.714285714285714,6.031746031746032,6.666666666666667,1.5873015873015872,2.2222222222222223,8.571428571428571,6.349206349206349,SPD-GRÜNE,SPD-GRÜNE,CDU,SPD
32231 Thune,1326,48.79336349924585,34.74178403755869,35.68075117370892,30.672926447574334,25.665101721439747,12.050078247261347,14.084507042253522,4.068857589984351,5.790297339593114,10.641627543035993,10.641627543035993,1.5649452269170578,3.1298904538341157,6.259780907668231,5.007824726134586,SPD-GRÜNE,SPD-GRÜNE,SPD,SPD
32241 Wenden-Nordwest,1088,39.52205882352941,37.2960372960373,37.08920187793427,26.806526806526808,25.11737089201878,11.655011655011654,15.727699530516432,4.662004662004662,4.225352112676056,8.857808857808857,9.624413145539906,1.3986013986013985,1.4084507042253522,9.324009324009324,6.807511737089202,SPD-GRÜNE,SPD-GRÜNE,SPD,SPD
32242 Wenden-Ost,987,35.3596757852077,34.770114942528735,33.81502890173411,33.62068965517241,26.589595375722542,11.494252873563218,16.76300578034682,3.7356321839080464,5.780346820809249,7.471264367816093,7.803468208092486,0.8620689655172413,2.023121387283237,8.045977011494253,7.225433526011561,SPD-GRÜNE,SPD-GRÜNE,SPD,SPD
32243 Wenden-Südwest,1030,38.44660194174757,38.734177215189874,38.734177215189874,25.569620253164555,25.82278481012658,16.20253164556962,15.443037974683543,2.7848101265822782,1.0126582278481013,11.139240506329113,11.139240506329113,1.7721518987341773,2.7848101265822782,3.79746835443038,5.063291139240507,SPD-GRÜNE,SPD-GRÜNE,SPD,SPD
33001 Schwarzer Berg-Süd,849,38.515901060070675,39.93808049535604,35.294117647058826,21.981424148606813,21.36222910216718,17.956656346749224,19.814241486068113,3.4055727554179565,4.024767801857585,10.21671826625387,9.907120743034056,1.5479876160990713,3.4055727554179565,4.953560371517028,6.191950464396285,SPD-GRÜNE,SPD-GRÜNE,SPD,SPD
33002 Schwarzer Berg-Mitte,972,36.21399176954733,37.784090909090914,35.79545454545455,25.85227272727273,22.727272727272727,13.636363636363635,14.204545454545455,2.556818181818182,5.3977272727272725,12.5,12.784090909090908,1.9886363636363635,2.556818181818182,5.681818181818182,6.534090909090909,SPD-GRÜNE,SPD-GRÜNE,SPD,SPD
33003 Schwarzer Berg-West,904,37.83185840707964,40.532544378698226,39.88095238095239,31.06508875739645,26.785714285714285,11.834319526627219,13.392857142857142,2.9585798816568047,4.166666666666666,7.988165680473373,9.226190476190476,2.0710059171597637,2.380952380952381,3.5502958579881656,4.166666666666666,SPD-GRÜNE,SPD-GRÜNE,SPD,SPD
33004 Schwarzer Berg-Nordwest,701,26.390870185449355,39.548022598870055,35.754189944134076,18.64406779661017,15.64245810055866,11.864406779661017,11.731843575418994,1.694915254237288,4.4692737430167595,19.774011299435028,20.670391061452513,4.519774011299435,3.910614525139665,3.954802259887006,7.82122905027933,SPD-GRÜNE,SPD-GRÜNE,SPD,SPD
33011 Siegfriedviertel-Nord,1024,36.62109375,34.22459893048128,33.155080213903744,16.31016042780749,14.705882352941178,19.786096256684495,20.053475935828878,3.7433155080213902,4.545454545454546,9.893048128342247,11.76470588235294,3.7433155080213902,4.010695187165775,12.299465240641712,11.76470588235294,SPD-GRÜNE,SPD-GRÜNE,SPD,SPD
33012 Siegfriedviertel-Nordost,906,32.33995584988962,50.17301038062284,46.04810996563574,14.186851211072666,12.714776632302405,17.301038062283737,21.305841924398624,2.768166089965398,4.4673539518900345,6.228373702422145,5.498281786941581,3.8062283737024223,5.154639175257731,5.536332179930796,4.810996563573884,SPD-GRÜNE,SPD-GRÜNE,SPD,SPD
33013 Siegfriedviertel-Südost,802,26.309226932668327,35.12195121951219,28.155339805825243,10.731707317073171,10.679611650485436,26.34146341463415,23.78640776699029,3.902439024390244,4.854368932038835,12.682926829268293,13.592233009708737,1.951219512195122,5.825242718446602,9.268292682926829,13.106796116504855,SPD-GRÜNE,SPD-GRÜNE,SPD,SPD
33014 Siegfriedviertel-Mitte,1042,33.10940499040307,33.72093023255814,33.13609467455622,12.790697674418606,9.467455621301776,23.837209302325583,24.556213017751478,2.9069767441860463,2.6627218934911245,13.08139534883721,14.201183431952662,5.523255813953488,6.21301775147929,8.13953488372093,9.763313609467456,SPD-GRÜNE,SPD-GRÜNE,SPD,SPD
33015 Siegfriedviertel-Südwest,819,31.868131868131865,32.945736434108525,28.185328185328185,20.155038759689923,19.305019305019304,19.767441860465116,24.324324324324326,2.7131782945736433,3.088803088803089,12.790697674418606,13.127413127413126,4.263565891472868,2.7027027027027026,7.3643410852713185,9.266409266409266,SPD-GRÜNE,SPD-GRÜNE,SPD,SPD
33016 Siegfriedviertel-West,817,23.378212974296204,31.746031746031743,27.127659574468083,19.047619047619047,14.361702127659576,18.51851851851852,22.872340425531913,1.0582010582010581,1.5957446808510638,15.873015873015872,15.425531914893616,4.761904761904762,7.446808510638298,8.994708994708994,11.170212765957446,SPD-GRÜNE,SPD-GRÜNE,SPD,SPD
33021 Wendenring-Süd,867,43.59861591695502,25.333333333333336,24.20212765957447,9.866666666666667,8.24468085106383,41.06666666666667,42.28723404255319,4,5.319148936170213,3.4666666666666663,4.25531914893617,5.333333333333334,6.648936170212766,10.933333333333334,9.042553191489363,SPD-GRÜNE,SPD-GRÜNE,GRÜNE,GRÜNE
33022 Wendenring-Nord,708,36.29943502824859,23.015873015873016,25.691699604743086,11.507936507936508,10.276679841897234,36.904761904761905,32.80632411067194,4.365079365079365,5.138339920948617,4.761904761904762,5.138339920948617,9.126984126984127,10.276679841897234,10.317460317460316,10.67193675889328,SPD-GRÜNE,SPD-GRÜNE,GRÜNE,GRÜNE
33023 Am Nordbahnhof Ludwigstraße,668,32.33532934131736,23.25581395348837,22.685185185185187,11.627906976744185,10.185185185185185,42.32558139534884,34.72222222222222,2.7906976744186047,5.555555555555555,5.5813953488372094,6.944444444444445,4.651162790697675,8.333333333333332,9.767441860465116,11.574074074074074,SPD-GRÜNE,SPD-GRÜNE,GRÜNE,GRÜNE
33024 Neues Hochschulviertel,1012,41.99604743083004,27.96208530805687,25.53191489361702,19.194312796208532,16.548463356973993,29.620853080568722,32.15130023640662,5.450236966824645,6.1465721040189125,5.450236966824645,6.1465721040189125,4.265402843601896,5.200945626477541,8.056872037914692,8.274231678486997,SPD-GRÜNE,SPD-GRÜNE,GRÜNE,GRÜNE
33025 Rebenring-Nord,842,34.679334916864605,31.27147766323024,32.758620689655174,10.996563573883162,10,34.36426116838488,34.13793103448276,3.436426116838488,3.793103448275862,7.560137457044673,7.586206896551724,5.841924398625429,5.517241379310345,6.529209621993128,6.206896551724138,SPD-GRÜNE,SPD-GRÜNE,GRÜNE,GRÜNE
33026 Altes Hochschulviertel,871,41.446613088404135,27.77777777777778,28.133704735376046,14.444444444444443,11.420612813370473,34.72222222222222,33.98328690807799,6.111111111111111,6.963788300835655,4.166666666666666,4.735376044568245,5.833333333333333,5.2924791086350975,6.944444444444445,9.47075208913649,SPD-GRÜNE,SPD-GRÜNE,GRÜNE,GRÜNE
33027 Am Wendenwehr,747,33.467202141900934,26.104417670682732,25.301204819277107,13.654618473895583,8.433734939759036,38.55421686746988,36.94779116465863,3.614457831325301,5.622489959839357,6.425702811244979,6.425702811244979,2.0080321285140563,5.622489959839357,9.63855421686747,11.646586345381527,SPD-GRÜNE,SPD-GRÜNE,GRÜNE,GRÜNE
33028 Am Nordbahnhof,794,45.843828715365234,30.853994490358126,29.005524861878452,13.223140495867769,12.430939226519337,32.231404958677686,32.32044198895028,3.0303030303030303,4.41988950276243,3.581267217630854,3.314917127071823,6.887052341597796,8.56353591160221,10.192837465564738,9.94475138121547,SPD-GRÜNE,SPD-GRÜNE,GRÜNE,GRÜNE
33029 Bültenweg-Nord,938,35.82089552238806,35.73573573573574,28.74251497005988,21.62162162162162,18.862275449101794,23.723723723723726,29.34131736526946,3.903903903903904,6.287425149700598,5.105105105105105,5.9880239520958085,3.003003003003003,4.491017964071856,6.906906906906906,6.287425149700598,SPD-GRÜNE,SPD-GRÜNE,SPD,GRÜNE
33031 Kralenriede-Nordwest,1102,34.57350272232305,41.20734908136483,38.258575197889186,20.47244094488189,18.20580474934037,16.010498687664043,18.46965699208443,2.8871391076115485,4.749340369393139,13.648293963254593,12.137203166226913,1.574803149606299,2.3746701846965697,4.199475065616798,5.804749340369393,SPD-GRÜNE,SPD-GRÜNE,SPD,SPD
33032 Kralenriede-Südost,1236,32.847896440129446,35.41147132169576,32.917705735660846,17.45635910224439,15.96009975062344,16.708229426433917,15.211970074812967,2.2443890274314215,4.488778054862843,13.715710723192021,14.962593516209477,4.987531172069826,5.985037406483791,9.476309226932669,10.473815461346634,SPD-GRÜNE,SPD-GRÜNE,SPD,SPD
33041 Schuntersiedlung-West,659,44.764795144157816,40.893470790378004,37.58620689655172,14.0893470790378,12.413793103448276,19.587628865979383,22.758620689655174,3.0927835051546393,4.137931034482759,9.621993127147768,9.310344827586208,6.529209621993128,6.551724137931035,6.185567010309279,7.241379310344828,SPD-GRÜNE,SPD-GRÜNE,SPD,SPD
33042 Schuntersiedlung-Ost,711,43.319268635724335,32.89902280130293,28.8961038961039,17.263843648208468,13.636363636363635,26.384364820846905,30.1948051948052,2.9315960912052117,4.545454545454546,7.81758957654723,9.090909090909092,3.908794788273615,5.51948051948052,8.794788273615636,8.116883116883116,SPD-GRÜNE,SPD-GRÜNE,SPD,GRÜNE
Stadt Braunschweig (incl. Briefwahl),186315,60.18033974720232,34.36865282645816,32.279708973322556,23.465444414487283,20.996137608910445,22.034690392738383,22.964160603610885,3.9633324346184953,5.220515584298932,7.696593870764806,8.012215934608822,3.251550283095174,3.7060989849995507,5.2197357778377125,6.821162310248795,SPD-GRÜNE,SPD-GRÜNE,SPD,SPD
Niedersachsen,6064738,60.3,34.2,33.4,31.8,28.1,14.5,14.5,4.5,4.7,8.9,11,3,2.7,3.1,5.6,SPD-GRÜNE,SPD-GRÜNE,SPD,SPD
Deutschland, -, -, -, -, -, -, -, -, -, -, -, -, -, -, -, -, -, -, -, -
