,Wahlberechtigte,Wahlbeteiligung,SPD,CDU,GRÜNE,AfD,BIBS,DIE LINKE.,FDP,Die PARTEI,PIRATEN,Stimmenmehrheiten
11101 Hondelage-Ost,1131,56.58709106984969,33.7479718766901,29.962141698215248,7.5175770686857755,11.627906976744185,5.895078420767982,3.839913466738778,4.597079502433748,1.7847485127095726,1.0275824770146025,SPD-GRÜNE
11102 Hondelage-Mitte/Gewerbegebiet,1014,49.40828402366864,37.46518105849582,32.242339832869085,5.43175487465181,11.699164345403899,3.4818941504178276,3.3426183844011144,3.9693593314763227,0.9749303621169917,1.392757660167131,SPD-GRÜNE
11103 Hondelage-West,1024,53.02734375,35.659898477157356,29.314720812182742,5.901015228426396,13.642131979695431,5.774111675126903,2.284263959390863,4.631979695431472,1.0786802030456852,1.7131979695431472,SPD-GRÜNE
11111 Dibbesdorf,1251,53.23741007194245,29.31910569105691,35.56910569105691,9.705284552845528,10.213414634146341,3.9634146341463414,2.591463414634146,4.319105691056911,2.184959349593496,2.1341463414634148,CDU-FDP
11121 Volkmarode-Ost,1532,50.45691906005222,34.26008968609865,31.210762331838566,10.582959641255606,7.757847533632287,5.9192825112107625,2.5112107623318383,4.618834080717489,1.345291479820628,1.7937219730941705,SPD-GRÜNE
11122 Volkmarode-West,1683,45.513963161021984,31.5,30.13636363636364,11.681818181818182,10.954545454545455,3.5909090909090913,2.9545454545454546,5.7727272727272725,1.6818181818181819,1.7272727272727273,SPD-GRÜNE
11131 Schapen,1384,53.97398843930635,37.763519706691106,31.714023831347387,9.532538955087077,7.149404216315307,3.9413382218148487,1.833180568285976,6.0953253895508706,1.5123739688359303,0.458295142071494,SPD-GRÜNE
11201 Bevenrode,1266,54.818325434439174,20.76771653543307,32.03740157480315,7.03740157480315,9.448818897637794,21.210629921259844,2.608267716535433,2.8051181102362204,1.9192913385826773,2.1653543307086616,CDU-FDP
11211 Waggum-Ost,1366,51.61054172767203,27.56916996047431,23.07312252964427,6.3735177865612656,8.547430830039527,25.247035573122528,2.4209486166007905,3.3596837944664033,1.9762845849802373,1.4328063241106719,SPD-GRÜNE
11212 Waggum-West,1200,50,35.57471264367816,21.03448275862069,7.126436781609195,7.816091954022989,20.229885057471265,1.7816091954022988,4.42528735632184,0.6896551724137931,1.3218390804597702,SPD-GRÜNE
11221 Bienrode,1442,45.70041608876561,29.654811715481173,30.753138075313807,6.2761506276150625,12.866108786610878,7.897489539748954,2.981171548117155,5.125523012552302,2.1443514644351467,2.301255230125523,SPD-GRÜNE
11231 Querum-Nord,901,43.84017758046615,26.324786324786327,37.863247863247864,12.564102564102564,6.666666666666667,6.239316239316239,4.102564102564102,5.128205128205128,0.3418803418803419,0.7692307692307693,CDU-FDP
11232 Querum-Nordost,934,42.398286937901496,29.012875536480685,30.98712446351931,12.618025751072961,6.180257510729613,8.240343347639485,2.4892703862660945,7.8111587982832615,1.3733905579399142,1.2875536480686696,SPD-GRÜNE
11241 Querum-Ost,950,46,30.48,30.56,10.72,7.920000000000001,8.16,4.4799999999999995,4.72,0.8,2.16,SPD-GRÜNE
11242 Querum-Mitte,1354,45.64254062038405,27.51828925154755,26.730444569499156,13.111986494091166,9.341586944288126,8.047270680922903,6.302757456387169,4.051772650534609,2.3072594259988746,2.5886325267304446,SPD-GRÜNE
11243 Querum-West,1258,41.573926868044516,36.98996655518395,21.070234113712374,12.240802675585284,10.501672240802677,7.558528428093646,3.7458193979933108,3.545150501672241,2.0066889632107023,2.341137123745819,SPD-GRÜNE
11251 Pappelberg,1435,44.041811846689896,36.87299893276414,27.694770544290286,9.391675560298825,11.04589114194237,4.909284951974386,3.628601921024546,2.2945570971184632,2.134471718249733,2.0277481323372464,SPD-GRÜNE
11252 Gliesmarode-Südost,1280,44.765625,26.63467306538692,32.15356928614277,13.31733653269346,8.458308338332333,7.078584283143371,3.4193161367726455,6.23875224955009,1.1397720455908817,1.5596880623875224,SPD-GRÜNE
11253 Gliesmarode-Mitte,1232,45.048701298701296,33.80454824830977,23.84757221880762,14.812538414259373,8.912108174554396,5.777504609711125,3.4419176398279046,3.6263060848186845,3.503380454824831,2.2741241548862936,SPD-GRÜNE
11254 Gliesmarode-Nord,1414,46.605374823196605,28.98701298701299,24.935064935064936,17.558441558441558,7.584415584415584,9.194805194805195,4.77922077922078,3.0649350649350646,1.1428571428571428,2.7532467532467533,SPD-GRÜNE
11261 Riddagshausen,458,48.03493449781659,29.076923076923077,28.307692307692307,16,4.615384615384616,6.3076923076923075,5.538461538461538,7.846153846153846,0.46153846153846156,1.8461538461538463,SPD-GRÜNE
12001 Gliesmaroder Straße-Nordost,1273,38.177533385703065,35,17.77777777777778,15.625,7.5,5.277777777777778,5.277777777777778,3.958333333333333,5.069444444444445,4.513888888888888,SPD-GRÜNE
12002 Karlstraße-Mitte,1190,43.19327731092437,28.805774278215225,17.322834645669293,23.818897637795274,4.724409448818897,3.937007874015748,6.36482939632546,5.118110236220472,5.708661417322835,4.199475065616798,SPD-GRÜNE
12003 Gliesmaroder Straße-Ost,1294,42.8902627511592,32.66301035953687,16.575258988421695,21.937842778793417,7.312614259597806,4.753199268738574,5.1797684338817795,3.2297379646556976,4.143814747105424,4.204753199268739,SPD-GRÜNE
12004 Malerviertel,1350,53.03703703703704,31.187884524372926,20.06625650733554,23.615712257453858,3.1708471367723616,5.347846663511595,6.389020350212967,5.773781353525793,2.9342167534311407,1.5144344533838145,SPD-GRÜNE
12005 An der Paulikirche,1294,51.931993817619784,32.57690368129097,19.112455874936966,23.751891074130103,3.9334341906202726,6.202723146747353,4.286434694906707,2.8744326777609683,3.580433686333838,3.681290973272819,SPD-GRÜNE
12006 Hagenring,1325,52.37735849056604,33.41463414634146,17.170731707317074,21.024390243902438,5.609756097560976,6.341463414634147,5.8048780487804885,4,4.195121951219512,2.4390243902439024,SPD-GRÜNE
12011 Humboldtstraße,1318,40.667678300455236,26.641414141414145,21.022727272727273,20.391414141414142,4.987373737373738,5.492424242424242,7.07070707070707,4.166666666666666,6.502525252525253,3.7247474747474745,SPD-GRÜNE
12012 Kasernenstraße,1387,42.32155731795241,33.72228704784131,20.070011668611436,19.1365227537923,5.075845974329055,5.075845974329055,5.367561260210035,4.492415402567095,3.4422403733955655,3.6172695449241536,SPD-GRÜNE
12021 Am Theater,1542,41.37483787289234,37.27905731119443,17.51472951258704,20.407070166041777,4.284949116229245,6.534547402249598,5.623995715050883,3.267273701124799,2.5174076057846815,2.570969469737547,SPD-GRÜNE
12022 Giersberg,1544,44.81865284974093,29.553264604810998,23.662248404516443,17.869415807560138,6.381934216985763,4.565537555228277,4.172803141875306,6.971035837015219,3.9273441335297004,2.896416298478154,SPD-GRÜNE
12031 Stadtpark,1411,49.53933380581148,32.76450511945392,21.062896148220382,21.550463188688447,3.461725987323257,4.729400292540224,5.509507557289127,3.6079960994636764,4.583130180399805,2.7303754266211606,SPD-GRÜNE
12032 Prinzenpark-Nord,1190,47.81512605042017,32.49701314217443,18.39904420549582,19.65352449223417,2.1505376344086025,9.498207885304659,7.945041816009558,3.345280764635603,3.225806451612903,3.2855436081242537,SPD-GRÜNE
12033 Kastanienallee,1130,49.38053097345133,31.529850746268657,16.666666666666664,20.64676616915423,7.898009950248756,7.027363184079602,5.907960199004975,2.9228855721393034,5.534825870646766,1.8656716417910446,SPD-GRÜNE
12034 Prinzenpark-Mitte,992,48.38709677419355,35.252309879175556,17.34186211798152,17.12864250177683,4.904051172707889,7.1783937455579245,6.751954513148544,3.1272210376687988,5.11727078891258,3.1982942430703627,SPD-GRÜNE
12035 Prinzenpark-Süd,1102,52.54083484573503,36.90685413005272,14.176918570591681,23.84299941417692,3.456356180433509,6.092560046865846,6.7369654364381955,3.456356180433509,3.222026947861746,2.10896309314587,SPD-GRÜNE
12036 Altewiekring-Südost,1436,40.807799442896936,31.71445289643066,17.67115272088941,20.47981275599766,3.978935049736688,6.085430076067875,7.43124634289058,4.97366881217086,4.505558806319486,3.159742539496782,SPD-GRÜNE
12037 Georg-Westermann-Allee,1319,42.2289613343442,34.61538461538461,16.23931623931624,17.52136752136752,7.0818070818070815,8.11965811965812,6.043956043956044,5.86080586080586,2.625152625152625,1.8925518925518925,SPD-GRÜNE
13001 Inselwall,1024,31.640625,29.85232067510549,22.89029535864979,12.974683544303797,9.177215189873419,6.856540084388185,5.168776371308017,4.5358649789029535,5.379746835443038,3.1645569620253164,SPD-GRÜNE
13002 Am Hagenmarkt,1319,33.965125094768766,34.785932721712534,17.660550458715598,14.067278287461773,7.951070336391437,6.498470948012232,6.269113149847094,3.89908256880734,4.128440366972478,4.740061162079511,SPD-GRÜNE
13003 An der Katharinenkirche,1380,28.550724637681157,26.256499133448873,21.057192374350088,15.251299826689774,13.69150779896014,5.37261698440208,7.885615251299827,1.6464471403812824,4.9393414211438476,3.8994800693240896,SPD-GRÜNE
13004 Wendentorwall,1205,27.30290456431535,26.21761658031088,27.56476683937824,14.715025906735752,8.911917098445596,3.83419689119171,6.217616580310881,4.974093264248705,1.9689119170984457,5.595854922279793,SPD-GRÜNE
13011 Am Schloßpark,1364,36.950146627565985,36.400268636668905,23.438549361987913,13.02887844190732,5.574210879785091,4.298186702484889,3.9623908663532577,6.648757555406314,4.231027535258563,2.41773002014775,SPD-GRÜNE
13012 Kennedyplatz,1461,32.71731690622861,30.88023088023088,23.015873015873016,14.502164502164502,8.946608946608947,5.05050505050505,4.040404040404041,4.617604617604617,5.1226551226551225,3.8239538239538238,SPD-GRÜNE
13013 An der Martinikirche,1373,32.62927895120175,26.686656671664167,26.83658170914543,16.49175412293853,6.296851574212893,5.022488755622189,4.872563718140929,6.446776611694154,5.172413793103448,2.1739130434782608,SPD-GRÜNE
13014 Gördelingerstraße,1161,36.00344530577089,27.666666666666668,24.583333333333332,13.666666666666666,10.166666666666666,6.25,5.5,4.083333333333333,4.083333333333333,4,SPD-GRÜNE
13015 Am Neustadtmühlengraben,1230,33.90243902439025,32.37232289950577,28.747940691927514,8.40197693574959,9.71993410214168,4.200988467874795,5.107084019769357,5.436573311367381,4.365733113673806,1.6474464579901154,SPD-GRÜNE
13021 Adolfstraße/Leonhardstraße,1335,46.21722846441948,33.004926108374384,18.39080459770115,19.759168035030104,4.159824849480022,6.677613574165299,7.717569786535304,5.14504652435687,3.0103995621237,2.134646962233169,SPD-GRÜNE
13022 An der Stadthalle,1216,40.46052631578947,36.84573002754821,16.666666666666664,17.97520661157025,5.027548209366391,5.578512396694215,8.7465564738292,3.236914600550964,3.512396694214876,2.4104683195592287,SPD-GRÜNE
13023 Viewegs-Garten,1265,41.10671936758894,31.5086782376502,20.694259012016023,17.289719626168225,10.68090787716956,4.672897196261682,6.208277703604806,3.871829105473965,3.0707610146862483,2.0026702269692924,SPD-GRÜNE
13024 Rimpaus-Garten,981,47.706422018348626,27.688953488372093,21.656976744186046,18.968023255813954,5.087209302325581,5.450581395348837,7.340116279069768,3.8517441860465116,5.59593023255814,4.3604651162790695,SPD-GRÜNE
13025 Am Bürgerpark,1087,42.04231830726771,28.92561983471074,27.798647633358375,16.003005259203608,7.212622088655146,3.7565740045078884,5.559729526671676,6.1607813673929375,2.103681442524418,2.479338842975207,SPD-GRÜNE
13031 Hauptbahnhof,721,30.651872399445214,38.79173290937997,16.216216216216218,8.426073131955485,13.354531001589825,4.133545310015898,8.90302066772655,2.066772655007949,3.97456279809221,4.133545310015898,SPD-GRÜNE
13032 Streitberg/Hauptfriedhof,747,37.08165997322624,37.81094527363184,16.666666666666664,13.805970149253731,11.194029850746269,7.462686567164178,3.233830845771144,4.104477611940299,1.7412935323383085,3.9800995024875623,SPD-GRÜNE
13041 Zuckerberg,851,46.06345475910693,27.083333333333332,35.41666666666667,11.71875,5.642361111111112,4.6875,1.5625,10.590277777777777,1.7361111111111112,1.5625,CDU-FDP
13051 Bebelhof-West,1099,25.204731574158323,39.949748743718594,18.21608040201005,7.537688442211055,10.301507537688442,5.527638190954774,7.537688442211055,3.2663316582914574,4.271356783919598,3.391959798994975,SPD-GRÜNE
13052 Bebelhof-Ost,1194,35.92964824120603,36.22950819672131,15.737704918032788,9.918032786885247,10.655737704918032,6.311475409836066,10.819672131147541,3.0327868852459017,3.6885245901639343,3.606557377049181,SPD-GRÜNE
21101 Stöckheim-Nordost,1252,46.80511182108626,34.523809523809526,35.05952380952381,8.095238095238095,8.095238095238095,3.0952380952380953,3.9880952380952377,4.404761904761905,1.1904761904761905,1.5476190476190477,SPD-GRÜNE
21102 Stöckheim-Südost,1282,49.68798751950078,29.466230936819173,33.551198257080614,12.527233115468409,9.368191721132897,4.302832244008715,2.505446623093682,5.010893246187364,1.7973856209150325,1.4705882352941175,SPD-GRÜNE
21103 Stöckheim-West,1359,47.60853568800589,40.64955474070194,27.23939235201676,10.214772132006287,7.1765322158198,3.1430068098480883,3.666841278156103,3.9811419591409116,2.3048716605552646,1.6238868517548455,SPD-GRÜNE
21104 Stöckheim-Nordwest,1359,55.40838852097131,32.3448905109489,34.306569343065696,12.773722627737227,7.2536496350364965,4.242700729927007,1.824817518248175,5.428832116788321,0.7755474452554745,1.0492700729927007,SPD-GRÜNE
21111 Leiferde,1565,48.81789137380192,48.244824482448244,22.95229522952295,8.865886588658865,10.666066606660667,2.07020702070207,3.1053105310531053,1.935193519351935,1.035103510351035,1.125112511251125,SPD-GRÜNE
21121 Heidberg-Nordost,1086,43.554327808471456,31.5712187958884,28.193832599118945,12.041116005873716,12.481644640234949,3.7444933920704844,3.9647577092511015,3.450807635829662,2.643171806167401,1.908957415565345,SPD-GRÜNE
21122 Am Schulzentrum Heidberg,1134,37.742504409171076,38.29431438127091,19.899665551839465,7.274247491638795,15.635451505016723,5.852842809364549,5.852842809364549,2.508361204013378,1.9230769230769231,2.7591973244147154,SPD-GRÜNE
21123 Heidberg-Südost,891,41.18967452300786,30.665380906460943,30.76181292189007,9.450337512054002,15.718418514946963,4.435872709739633,2.9893924783027965,3.567984570877531,1.3500482160077145,1.0607521697203472,SPD-GRÜNE
21124 Heidberg-Südwest,948,45.9915611814346,35.016025641025635,30.60897435897436,5.6089743589743595,12.099358974358974,3.926282051282051,4.246794871794872,3.8461538461538463,2.564102564102564,2.083333333333333,SPD-GRÜNE
21125 Heidberg-Zentrum,1213,35.03709810387469,34.97907949790795,28.619246861924687,5.02092050209205,14.560669456066947,5.439330543933055,3.933054393305439,2.594142259414226,3.3472803347280333,1.506276150627615,SPD-GRÜNE
21126 Heidberg-Nordwest,1238,41.59935379644588,39.903181189488244,22.337482710926697,8.575380359612724,13.070539419087138,5.94744121715076,3.4578146611341634,2.7662517289073305,2.2130013831258646,1.7289073305670817,SPD-GRÜNE
21131 Melverode-Südwest,1090,45.321100917431195,24.723756906077348,33.2182320441989,14.986187845303867,8.287292817679557,4.972375690607735,3.1077348066298343,6.422651933701657,2.6243093922651934,1.6574585635359116,SPD-GRÜNE
21132 Melverode-Nord,1007,41.31082423038729,38.37792642140469,24.91638795986622,9.03010033444816,11.036789297658862,3.9297658862876257,4.682274247491638,3.678929765886288,1.9230769230769231,2.4247491638795986,SPD-GRÜNE
21133 Melverode-Südost,1068,47.28464419475655,29.331514324693043,30.968622100954978,8.185538881309688,13.028649386084584,6.207366984993179,3.4788540245566164,4.7066848567530695,2.5238744884038202,1.5688949522510234,SPD-GRÜNE
21201 Mastbruch-Siedlung,285,46.31578947368421,41.86046511627907,31.52454780361757,8.785529715762273,5.426356589147287,2.3255813953488373,3.10077519379845,4.1343669250646,0.7751937984496124,2.0671834625323,SPD-GRÜNE
21211 Rautheim-West,1436,44.15041782729805,39.08685968819599,23.49665924276169,8.017817371937639,14.03118040089087,4.955456570155902,4.120267260579064,2.3942093541202674,2.2271714922048997,1.670378619153675,SPD-GRÜNE
21212 Rautheim-Ost,1536,50.455729166666664,33.92148213498015,27.216585796206438,12.483458314953683,8.292898103220114,3.925893250992501,5.822673136303485,3.925893250992501,2.0291133656815177,2.3820026466696076,SPD-GRÜNE
21221 Lindenberg-West,1075,40.093023255813954,33.76729048006509,29.780309194467048,8.0553295362083,12.367778681855167,5.207485760781123,2.9292107404393817,3.254678600488202,1.8714401952807163,2.7664768104149715,SPD-GRÜNE
21222 Lindenberg-Ost,986,48.6815415821501,26.789510985116937,33.52232459248759,11.410347271438697,5.811481218993621,7.6541459957476965,4.4649184975194895,5.740609496810772,2.3387668320340187,2.2678951098511693,CDU-FDP
21231 Südstadt-Ost,1259,49.80142970611596,43.86637458926616,22.179627601314348,8.159912376779847,10.186199342825848,4.545454545454546,2.5191675794085433,4.764512595837897,1.2048192771084338,2.573932092004381,SPD-GRÜNE
21232 Südstadt-West,1081,49.121184088806665,44.196721311475414,19.21311475409836,9.508196721311474,9.245901639344261,4.065573770491803,4.655737704918033,4.721311475409836,2.0327868852459017,2.360655737704918,SPD-GRÜNE
21241 Mascherode-Mitte,1009,47.67096134786918,28.082679971489664,34.92516037063436,8.481824661439772,9.764789736279402,4.3478260869565215,2.4946543121881684,10.620099786172489,0.4989308624376337,0.7840342124019958,CDU-FDP
21242 Mascherode-Süd,1052,54.752851711026615,33.75,29.761904761904763,12.083333333333334,7.857142857142857,3.9880952380952377,1.0119047619047619,8.035714285714286,1.369047619047619,2.142857142857143,SPD-GRÜNE
21243 Mascherode-Nordwest,1132,51.9434628975265,34.10807669959326,33.46891342242882,10.807669959325974,5.461940732132481,4.009296920395119,2.789076118535735,5.984892504357931,0.9877977919814062,2.3823358512492736,SPD-GRÜNE
22101 Rheinring-Ost,1373,33.430444282592866,40.27777777777778,25.925925925925924,5.401234567901234,11.805555555555555,4.4753086419753085,5.787037037037037,3.3179012345679015,1.6975308641975309,1.3117283950617282,SPD-GRÜNE
22102 Emsstraße-West,1265,24.82213438735178,35.44733861834655,21.857304643261607,4.416761041902604,23.103057757644393,3.737259343148358,6.342015855039637,3.2842582106455263,0.9060022650056626,0.9060022650056626,SPD-GRÜNE
22103 Elbestraße-Ost,1436,20.334261838440113,41.00985221674877,22.167487684729064,5.41871921182266,14.039408866995073,3.4482758620689653,5.788177339901478,4.310344827586207,2.0935960591133003,1.7241379310344827,SPD-GRÜNE
22104 Rheinring-Südwest,1242,36.71497584541063,42.60016353229763,26.573998364677028,6.214227309893704,13.81847914963205,3.8430089942763694,2.5347506132461164,3.025347506132461,0.7358953393295176,0.6541291905151267,SPD-GRÜNE
22105 Rheinring-Nordwest,1219,42.575881870385565,37.05685618729097,30.903010033444815,6.086956521739131,13.578595317725753,2.341137123745819,4.682274247491638,3.812709030100334,0.8026755852842808,0.7357859531772575,SPD-GRÜNE
22111 Elbestraße-Süd,1278,25.039123630672925,43.080357142857146,16.40625,5.022321428571429,16.964285714285715,3.7946428571428568,5.691964285714286,4.799107142857143,2.0089285714285716,2.232142857142857,SPD-GRÜNE
22112 Saalestraße,1453,25.946317962835515,38.13640730067243,27.6657060518732,4.803073967339097,14.505283381364073,3.073967339097022,4.899135446685879,3.6503362151777137,1.633045148895293,1.633045148895293,SPD-GRÜNE
22113 Ilmenaustraße,1376,35.973837209302324,36.91756272401434,24.229390681003586,5.806451612903226,17.275985663082437,3.2974910394265233,5.663082437275985,4.372759856630824,1.5770609318996418,0.8602150537634409,SPD-GRÜNE
22114 Weserstraße,1309,38.8846447669977,40.98939929328622,23.81625441696113,7.208480565371024,15.335689045936396,2.8268551236749118,3.2508833922261484,4.028268551236749,0.5653710247349824,1.9787985865724382,SPD-GRÜNE
22115 Isarstraße,1237,31.608730800323364,37.985212569316076,26.155268022181144,5.545286506469501,16.45101663585952,2.865064695009242,5.0831792975970425,2.1256931608133085,1.756007393715342,2.033271719038817,SPD-GRÜNE
22116 Lechstraße,1183,30.17751479289941,40.521564694082244,17.051153460381144,8.02407221664995,15.646940822467403,4.212637913741224,6.118355065195587,3.8114343029087263,2.8084252758274824,1.8054162487462388,SPD-GRÜNE
22121 Münchenstraße-Südost,1354,20.753323485967503,32.86624203821656,24.45859872611465,7.13375796178344,19.10828025477707,0.89171974522293,7.515923566878981,2.2929936305732483,2.67515923566879,3.0573248407643314,SPD-GRÜNE
22122 Neckarstraße,973,25.179856115107913,47.69001490312966,25.18628912071535,3.278688524590164,12.816691505216097,2.533532041728763,4.172876304023846,1.639344262295082,0.5961251862891207,2.086438152011923,SPD-GRÜNE
22123 Lahnstraße,1236,21.27831715210356,39.75069252077562,18.698060941828253,5.8171745152354575,18.559556786703602,3.32409972299169,4.570637119113574,4.293628808864266,3.32409972299169,1.662049861495845,SPD-GRÜNE
22201 Timmerlah-West,897,49.05239687848383,41.18577075098814,29.249011857707508,9.1699604743083,8.853754940711463,4.189723320158103,2.371541501976284,2.5296442687747036,0.6324110671936759,1.8181818181818181,SPD-GRÜNE
22202 Timmerlah-Ost,942,50.21231422505308,38.74538745387454,30.40590405904059,8.118081180811808,11.07011070110701,3.837638376383764,3.3210332103321036,1.7712177121771218,1.107011070110701,1.6236162361623614,SPD-GRÜNE
22211 Stiddien,182,69.78021978021978,21.891891891891895,46.75675675675676,7.837837837837839,5.135135135135135,10,1.6216216216216217,2.7027027027027026,2.1621621621621623,1.891891891891892,CDU-FDP
22221 Geitelde,962,55.50935550935551,28.433268858800776,48.6782720825274,5.093488072211477,7.7369439071566735,2.7079303675048356,3.1592520954223082,1.4829142488716958,1.2250161186331399,1.4829142488716958,CDU-FDP
22231 Broitzem-Nordwest,1347,46.622123236822574,34.661572052401745,33.29694323144105,7.20524017467249,12.554585152838428,2.7292576419213974,3.384279475982533,2.1834061135371177,2.12882096069869,1.8558951965065504,SPD-GRÜNE
22232 Broitzem-Südwest,1315,53.15589353612167,36.457819437592505,33.39911198815984,5.180069067587568,12.580167735569809,2.5653675382338434,3.1080414405525407,3.6507153428712384,1.7760236803157377,1.2826837691169217,SPD-GRÜNE
22233 Broitzem-Südost,1027,53.554040895813046,35.70520965692503,35.00635324015248,8.831003811944091,9.593392630241423,1.1435832274459974,3.1130876747141043,3.1130876747141043,1.3341804320203303,2.1601016518424396,SPD-GRÜNE
22234 Broitzem-Nordost,1196,46.15384615384615,37.83783783783784,26.77561282212445,9.868007542426147,12.382149591451917,2.7027027027027026,3.268384663733501,4.14833438089252,1.4456316781898177,1.571338780641106,SPD-GRÜNE
22241 Rüningen-Nord,1190,42.10084033613445,32.83687943262411,33.33333333333333,6.24113475177305,14.397163120567377,2.3404255319148937,3.120567375886525,1.5602836879432624,2.7659574468085104,3.404255319148936,SPD-GRÜNE
22242 Rüningen-Süd,1223,35.97710547833197,36.774193548387096,31.85483870967742,5.32258064516129,15.887096774193548,2.5,1.6935483870967745,3.387096774193549,1.2096774193548387,1.370967741935484,SPD-GRÜNE
31001 Eichtal,1519,27.123107307439103,28.040540540540544,19.510135135135133,18.75,5.996621621621621,5.912162162162162,8.952702702702704,2.871621621621622,3.800675675675676,6.16554054054054,SPD-GRÜNE
31002 Am Weißen Roß,1721,33.99186519465427,30.122591943957964,21.949795680093402,12.259194395796849,7.413893753648569,5.662580268534734,8.464681844716871,2.860478692352598,6.538237011091653,4.728546409807356,SPD-GRÜNE
31003 Celler Straße-Nordwest,1113,30.18867924528302,33.02658486707566,25.971370143149286,9.611451942740286,11.247443762781186,5.316973415132924,6.441717791411043,3.476482617586912,2.4539877300613497,2.4539877300613497,SPD-GRÜNE
31004 Rudolfplatz-Nord,,,,,,,,,,,,
31011 Am Maschplatz,1298,37.13405238828968,30.628087508821455,22.3712067748765,15.172900494001412,6.916019760056457,7.833450952717008,5.575158786167961,3.5285815102328866,3.669724770642202,4.304869442484121,SPD-GRÜNE
31012 Am Amalienplatz,1407,39.30348258706468,32.27808814400993,21.042830540037244,13.221601489757914,8.193668528864059,5.3382991930477965,9.683426443202979,2.4208566108007448,3.2278088144009933,4.5934202358783365,SPD-GRÜNE
31013 Rudolfplatz-Ost,1225,35.183673469387756,33.914421553090335,18.462757527733757,13.946117274167987,11.806656101426308,6.9730586370839935,5.467511885895404,2.2979397781299524,3.4865293185419968,3.6450079239302693,SPD-GRÜNE
31014 Rennelberg,1215,29.547325102880656,30.798479087452474,15.874524714828897,18.155893536121674,6.653992395437262,5.228136882129278,10.836501901140684,3.897338403041825,3.802281368821293,4.752851711026616,SPD-GRÜNE
31015 Holwedestraße,1295,38.3011583011583,28.34591626630062,20.247083047357584,17.433081674673986,7.755662319835278,7.549759780370624,8.167467398764584,2.6767330130404945,4.049416609471517,3.774879890185312,SPD-GRÜNE
31016 Sackring-Ost,1328,35.76807228915663,32.23201174743025,19.23641703377386,13.876651982378855,5.726872246696035,7.709251101321586,8.883994126284875,1.762114537444934,5.65345080763583,4.919236417033774,SPD-GRÜNE
31021 Rudolfplatz-West,1478,39.648173207036535,30.05917159763314,24.08284023668639,12.662721893491124,11.893491124260356,5.266272189349112,6.804733727810651,3.727810650887574,2.485207100591716,3.0177514792899407,SPD-GRÜNE
31022 Sackring-West,1394,38.80918220946915,34.30609597924773,25.1621271076524,11.932555123216602,7.587548638132295,4.474708171206226,7.068741893644617,4.020752269779507,2.7885862516212714,2.6588845654993514,SPD-GRÜNE
31031 Altstadtring-Nord,1175,30.127659574468087,29.693486590038315,24.71264367816092,15.708812260536398,6.417624521072797,5.076628352490421,6.896551724137931,3.6398467432950192,3.7356321839080464,4.118773946360153,SPD-GRÜNE
31032 Altstadtring-Süd,1318,37.7845220030349,34.79152426520847,16.541353383458645,12.987012987012985,7.792207792207792,5.126452494873548,9.569377990430622,3.0758714969241283,5.536568694463432,4.579630895420369,SPD-GRÜNE
31033 Altstadtring-West,1102,38.83847549909255,32.65472312703583,14.90228013029316,14.983713355048861,8.631921824104234,7.084690553745928,9.201954397394136,3.664495114006515,4.641693811074918,4.234527687296417,SPD-GRÜNE
31034 Am Großmarkt,1255,33.94422310756972,32.14876033057851,17.1900826446281,11.735537190082644,11.40495867768595,4.297520661157025,12.8099173553719,2.066115702479339,3.9669421487603307,4.380165289256198,SPD-GRÜNE
31041 Westbahnhof,1195,33.55648535564853,33.41902313624679,15.766923736075409,13.710368466152529,7.369323050556983,4.970008568980291,12.767780634104541,4.027420736932305,4.7986289631533845,3.1705227077977725,SPD-GRÜNE
31042 Cyriaksring-Ost,1240,40.403225806451616,33.21917808219178,14.246575342465754,13.698630136986301,8.082191780821917,8.835616438356164,10.068493150684931,2.26027397260274,5.5479452054794525,4.041095890410959,SPD-GRÜNE
31043 Juliusstraße-Ost,1650,38.666666666666664,30.97913322632424,20.010700909577313,15.08828250401284,8.667736757624397,6.527554842161584,7.490636704119851,3.584804708400214,3.6918138041733553,3.9593365436062067,SPD-GRÜNE
31044 Frankfurter Straße-Ost,1266,34.75513428120063,31.157731157731156,16.394716394716394,9.634809634809635,16.394716394716394,5.594405594405594,10.1010101010101,2.564102564102564,4.73970473970474,3.418803418803419,SPD-GRÜNE
31045 Frankfurter Straße-West,997,24.974924774322968,22.206703910614525,15.782122905027931,11.452513966480447,6.564245810055866,6.564245810055866,15.223463687150836,3.212290502793296,10.05586592178771,8.938547486033519,SPD-GRÜNE
31051 Gartenstadt-Ost,792,52.77777777777778,28.594905505341,37.387017255546425,10.18898931799507,7.559572719802794,5.341002465078061,3.779786359901397,3.451109285127362,2.629416598192276,1.0682004930156122,CDU-FDP
31052 Gartenstadt-West,765,42.87581699346405,28.81002087682672,25.36534446764092,8.977035490605429,13.778705636743215,4.697286012526096,7.933194154488518,3.966597077244259,3.549060542797495,2.9227557411273484,SPD-GRÜNE
32101 Kanzlerfeld-West,927,52.642934196332256,33.711048158640224,36.26062322946176,6.586402266288951,8.711048158640226,3.7535410764872523,3.1161473087818696,6.303116147308782,0.84985835694051,0.708215297450425,CDU-FDP
32102 Kanzlerfeld-Südwest,1082,55.822550831792974,31.88976377952756,32.508436445444325,8.492688413948256,7.592800899887514,6.974128233970754,3.149606299212598,6.580427446569178,1.5185601799775028,1.2935883014623173,SPD-GRÜNE
32103 Kanzlerfeld-Ost,1324,52.0392749244713,29.35372471632955,36.2111494819931,11.297483966452885,8.140108534780465,3.70004933399112,2.664035520473606,6.018746916625555,0.8386778490379871,1.7760236803157377,CDU-FDP
32111 Horstbleek,1239,48.426150121065376,38.789625360230545,24.72622478386167,12.103746397694524,7.204610951008646,4.6685878962536025,5.244956772334294,3.861671469740634,1.729106628242075,1.6714697406340056,SPD-GRÜNE
32112 Lehndorf-Siedlung-Nord,1383,43.23933477946493,40.7621247113164,23.44110854503464,12.58660508083141,9.815242494226329,2.655889145496536,3.521939953810624,3.1755196304849886,1.7321016166281753,2.3094688221709005,SPD-GRÜNE
32113 Lehndorf-Alt,1113,41.41958670260557,36.21867881548975,28.170083523158695,9.870918754745633,10.402429764616553,3.340926347760061,3.1131359149582387,4.479878511769172,2.58162490508732,1.8223234624145785,SPD-GRÜNE
32114 Lehndorf-Mitte,1154,45.06065857885615,38.616521155137676,20.416386836803223,12.222968435191403,12.49160510409671,7.0517125587642715,2.955003357958361,3.2236400268636665,1.2760241773002015,1.7461383478844863,SPD-GRÜNE
32115 Lehndorf-Siedlung-Süd,1071,50.04668534080299,38.69731800766284,22.094508301404854,15.581098339719029,8.748403575989784,5.172413793103448,2.234993614303959,3.3205619412515963,1.6602809706257982,2.490421455938697,SPD-GRÜNE
32121 Lamme-Nord,1227,47.51426242868786,37.24219210371243,26.517383618149676,8.249852681202121,11.07837360047142,4.3017088980553915,2.003535651149087,7.189157336476135,1.5910430170889804,1.8267530936947556,SPD-GRÜNE
32122 Lamme-Süd,1353,47.37620103473762,30.597014925373134,30.756929637526653,9.808102345415778,10.074626865671641,4.317697228144989,6.2366737739872065,5.063965884861407,0.9594882729211088,2.185501066098081,SPD-GRÜNE
32123 Lamme-Ost,909,49.17491749174918,26.90238278247502,32.744043043812454,10.837817063797079,12.528823981552653,4.688700999231361,4.534973097617217,4.381245196003074,2.1521906225980016,1.2298232129131437,SPD-GRÜNE
32131 Völkenrode,1407,51.59914712153518,33.084112149532714,32.94392523364486,11.168224299065422,9.158878504672897,3.6448598130841123,2.6168224299065423,3.5981308411214954,2.102803738317757,1.6822429906542056,SPD-GRÜNE
32141 Watenbüttel-Nordost,1232,43.66883116883117,35.5899419729207,29.27143778207608,9.800128949065119,9.219858156028367,4.513217279174726,3.9974210186976147,4.771115409413282,1.4184397163120568,1.4184397163120568,SPD-GRÜNE
32142 Watenbüttel-Südwest,1003,50.44865403788634,37.964236588720766,28.473177441540575,10.797799174690509,9.834938101788172,2.8885832187070153,4.264099037138927,4.05777166437414,1.2379642365887207,0.48143053645116923,SPD-GRÜNE
32151 Ölper,1177,47.74851316907392,33.700980392156865,28.308823529411764,13.786764705882353,8.333333333333332,4.411764705882353,3.431372549019608,4.044117647058823,1.7769607843137254,2.2058823529411766,SPD-GRÜNE
32201 Veltenhof-Nord,1235,39.83805668016194,40.63604240282685,28.0565371024735,6.148409893992933,10.3886925795053,3.03886925795053,2.4734982332155475,2.8268551236749118,1.5547703180212016,4.876325088339223,SPD-GRÜNE
32202 Veltenhof-Süd,1206,49.25373134328358,34.66204506065858,35.64413633737724,6.990179087232813,8.203350664355865,2.7151935297515886,3.2351242056614673,4.448295782784518,2.1374927787406124,1.9641825534373194,SPD-GRÜNE
32211 Lincolnsiedlung,1262,40.57052297939778,37.26158038147139,26.498637602179837,6.607629427792916,11.512261580381471,5.653950953678474,5.177111716621254,3.2697547683923704,2.111716621253406,1.9073569482288828,SPD-GRÜNE
32212 Vorwerksiedlung,1164,34.36426116838488,35.93611357586513,21.650399290150844,9.139307897071872,15.350488021295474,4.17036379769299,6.566104702750665,1.9520851818988465,1.1535048802129548,4.081632653061225,SPD-GRÜNE
32221 Harxbüttel,585,56.41025641025641,28.11534500514933,30.587023686920702,10.401647785787848,6.90010298661174,15.036045314109167,0.9268795056642637,6.07621009268795,0.5149330587023687,1.4418125643666324,SPD-GRÜNE
32231 Thune,1390,54.1726618705036,33.271719038817004,28.049907578558226,7.809611829944547,10.489833641404806,13.123844731977819,1.2476894639556377,3.3733826247689462,1.1090573012939002,1.5249537892791127,SPD-GRÜNE
32241 Wenden-Nordwest,1183,50.12679628064244,40.76470588235294,27.47058823529412,5.764705882352941,8.647058823529411,8.176470588235295,2.823529411764706,2.8823529411764706,1.7058823529411766,1.7647058823529411,SPD-GRÜNE
32242 Wenden-Ost,1058,42.62759924385634,34.64447806354009,29.72768532526475,8.850226928895614,9.4553706505295,8.547655068078669,1.2102874432677762,3.0257186081694405,1.739788199697428,2.798789712556732,SPD-GRÜNE
32243 Wenden-Südwest,1086,47.51381215469613,33.84615384615385,29.565217391304348,10.501672240802677,8.62876254180602,5.953177257525084,5.083612040133779,2.4749163879598663,1.7391304347826086,2.2073578595317724,SPD-GRÜNE
33001 Schwarzer Berg-Süd,973,39.36279547790339,37.101185050136735,25.52415679124886,10.938924339106656,8.021877848678214,5.195989061075661,4.557885141294439,4.010938924339107,2.3701002734731085,2.2789425706472195,SPD-GRÜNE
33002 Schwarzer Berg-Mitte,1052,43.250950570342205,40.34003091190108,29.36630602782071,6.87789799072643,11.746522411128284,2.3183925811437405,2.241112828438949,3.091190108191654,2.3956723338485317,1.6228748068006182,SPD-GRÜNE
33003 Schwarzer Berg-West,999,41.44144144144144,38.28326180257511,27.98283261802575,8.068669527896995,10.472103004291846,5.493562231759657,2.9184549356223175,2.2317596566523603,1.9742489270386268,2.575107296137339,SPD-GRÜNE
33004 Schwarzer Berg-Nordwest,873,27.720504009163804,32.02416918429003,23.413897280966765,5.438066465256798,17.673716012084594,4.380664652567976,7.099697885196375,4.531722054380665,1.9637462235649545,3.474320241691843,SPD-GRÜNE
33011 Siegfriedviertel-Nord,1135,40,33.5832083958021,16.94152923538231,17.01649175412294,8.470764617691154,8.770614692653673,5.322338830584707,1.5742128935532234,4.272863568215892,4.0479760119940025,SPD-GRÜNE
33012 Siegfriedviertel-Nordost,994,35.91549295774648,42.7734375,16.30859375,10.546875,14.0625,6.54296875,4.296875,1.7578125,1.3671875,2.34375,SPD-GRÜNE
33013 Siegfriedviertel-Südost,935,29.518716577540104,39.54659949622166,16.24685138539043,12.468513853904282,8.18639798488665,6.171284634760705,5.919395465994962,2.770780856423174,3.400503778337532,5.289672544080604,SPD-GRÜNE
33014 Siegfriedviertel-Mitte,1179,34.096692111959285,35.21739130434783,16.956521739130434,14.000000000000002,12,4.782608695652174,3.91304347826087,2.9565217391304346,5.130434782608695,5.043478260869565,SPD-GRÜNE
33015 Siegfriedviertel-Südwest,930,37.526881720430104,32.43781094527363,19.30348258706468,11.741293532338307,13.631840796019901,8.258706467661693,7.462686567164178,3.383084577114428,1.4925373134328357,2.288557213930348,SPD-GRÜNE
33016 Siegfriedviertel-West,954,28.197064989517816,36.11111111111111,17.2979797979798,7.954545454545454,14.393939393939394,5.681818181818182,7.828282828282829,2.146464646464646,5.808080808080808,2.7777777777777777,SPD-GRÜNE
33021 Wendenring-Süd,1434,42.74755927475592,31.15743280307186,18.815139879319805,18.102029621503014,6.308283049917717,5.540318156884257,6.582556226001097,2.523313219967087,5.814591332967636,5.156335710367526,SPD-GRÜNE
33022 Wendenring-Nord,1194,31.490787269681743,26.538108356290174,18.54912764003673,21.21212121212121,7.529843893480257,5.325987144168963,5.142332415059688,3.489439853076217,8.44811753902663,3.7649219467401287,SPD-GRÜNE
33023 Am Nordbahnhof Ludwigstraße,981,33.23139653414883,32.42677824267782,16.10878661087866,13.702928870292888,5.230125523012552,8.577405857740587,7.322175732217573,4.288702928870293,8.263598326359832,4.079497907949791,SPD-GRÜNE
33024 Neues Hochschulviertel,1188,43.43434343434344,30.178689609530114,30.178689609530114,15.155526141628062,7.5446724023825285,5.890138980807412,2.6472534745201854,4.103242885506287,1.9854401058901392,2.316346790205162,SPD-GRÜNE
33025 Rebenring-Nord,1156,43.59861591695502,29.05178211163416,23.873570948217886,17.350369872225958,6.4559515803631475,8.002689979825153,4.976462676529926,2.9589778076664426,2.219233355749832,5.110961667787492,SPD-GRÜNE
33026 Altes Hochschulviertel,1483,43.35805799055968,32.494758909853246,19.129979035639412,18.50104821802935,6.236897274633123,5.29350104821803,6.656184486373165,4.035639412997904,3.9832285115303985,3.668763102725367,SPD-GRÜNE
33027 Am Wendenwehr,,,,,,,,,,,,
33028 Am Nordbahnhof,,,,,,,,,,,,
33029 Bültenweg-Nord,,,,,,,,,,,,
33031 Kralenriede-Nordwest,1213,41.54987633965375,33.28748280605227,18.43191196698762,15.612104539202202,13.75515818431912,13.067400275103164,1.71939477303989,1.71939477303989,1.2379642365887207,1.1691884456671253,SPD-GRÜNE
33032 Kralenriede-Südost,1424,34.69101123595505,34.090909090909086,20.041322314049587,9.159779614325068,13.842975206611571,10.606060606060606,2.8236914600550964,3.443526170798898,3.925619834710744,2.066115702479339,SPD-GRÜNE
33041 Schuntersiedlung-West,645,51.93798449612403,30.49792531120332,13.796680497925312,9.232365145228217,10.062240663900415,21.991701244813278,7.261410788381744,2.1784232365145226,2.1784232365145226,2.8008298755186725,SPD-GRÜNE
33042 Schuntersiedlung-Ost,795,53.333333333333336,30.80032336297494,12.61115602263541,11.96443007275667,10.185933710590138,18.189167340339534,5.820533548908649,1.2934518997574778,4.8504446240905414,4.284559417946645,SPD-GRÜNE
Stadt Braunschweig (incl. Briefwahl),202232,55.62917836939752,32.964473273948904,26.20577500351538,12.009757469416202,8.943429909456063,5.98470351599039,4.579774648920626,4.451998263708449,2.511814730355145,2.348273184688843,SPD-GRÜNE
Niedersachsen, -, -, -, -, -, -, -, -, -, -, -, -
Deutschland, -, -, -, -, -, -, -, -, -, -, -, -
